"dex";"especie";"tipo";"modelo";"fuente";"forma";"etiquetas";"cabeza";"pivote";"pegado";"cuello";"craneo";"tronco";"fin_columna";"cola";"adornos_tronco";"adornos_cuello";"n_avisos";"avisos"
"1";"bulbasaur [female]";"forma";"cobblemon:bulbasaur_female.geo";"Cobblemon";"cuadrúpedo";"";"head";"0 7.5 -3";"base";"torso";"head";"torso";"head";"";"vines [vine], bulb [bulb]";"";"0";""
"1";"bulbasaur";"base";"cobblemon:bulbasaur_male.geo";"Cobblemon";"cuadrúpedo";"";"head";"0 7.5 -3";"base";"torso";"head";"torso";"head";"";"vines [vine], bulb [bulb]";"";"0";""
"2";"ivysaur [female]";"forma";"cobblemon:ivysaur_female.geo";"Cobblemon";"cuadrúpedo";"";"head";"0 8 -4";"base";"torso";"head";"torso";"head";"";"bulb_master [bulb], vines [vine]";"";"0";""
"2";"ivysaur";"base";"cobblemon:ivysaur_male.geo";"Cobblemon";"cuadrúpedo";"";"head";"0 8 -4";"base";"torso";"head";"torso";"head";"";"bulb_master [bulb], vines [vine]";"";"0";""
"3";"venusaur [female]";"forma";"cobblemon:venusaur_female.geo";"Cobblemon";"cuadrúpedo";"";"head";"0 16 -5.5";"base";"torso2";"head_rotation";"torso";"head";"";"foliage [foliage]";"";"0";""
"3";"venusaur";"base";"cobblemon:venusaur_male.geo";"Cobblemon";"cuadrúpedo";"";"head";"0 16 -5.5";"base";"torso2";"head_rotation";"torso";"head";"";"foliage [foliage]";"";"0";""
"4";"charmander";"base";"cobblemon:charmander.geo";"Cobblemon";"bípedo";"cola";"head";"0 16 0";"centro";"neck";"head_angle";"torso";"neck";"tail";"arms [arm]";"";"0";""
"5";"charmeleon";"base";"cobblemon:charmeleon.geo";"Cobblemon";"bípedo";"cola";"head";"0 23 0.8";"centro";"neck";"head";"torso";"neck";"tail";"shoulder_right [arm], shoulder_left [arm]";"";"0";""
"6";"charizard";"base";"cobblemon:charizard.geo";"Cobblemon";"bípedo";"alas, cola";"head";"0 43.5 -0.5";"centro";"neck4";"head_angle";"torso";"neck";"tail";"arms [arm], wings [wing]";"";"0";""
"7";"squirtle";"base";"cobblemon:squirtle.geo";"Cobblemon";"bípedo";"cola";"head";"0 12 -1";"base";"torso";"head_rotation";"torso";"head";"tail";"arm_left [arm], arm_right [arm]";"";"0";""
"8";"wartortle";"base";"cobblemon:wartortle.geo";"Cobblemon";"bípedo";"cola";"head";"0 16 -1";"base";"torso";"head_angle";"torso";"head";"tail";"shell [shell], arm_right [arm], arm_left [arm]";"";"0";""
"9";"blastoise";"base";"cobblemon:blastoise.geo";"Cobblemon";"bípedo";"cola";"head";"0 38 -6.2";"base";"torso";"head_angle";"torso";"head";"tail";"shell [shell]";"";"0";""
"10";"caterpie";"base";"cobblemon:caterpie.geo";"Cobblemon";"cuadrúpedo";"cola";"head";"0 5.2 -6.2";"base";"body";"head";"body_segment (al lado, 2 huesos)";"head";"tail";"";"";"0";""
"11";"metapod";"base";"cobblemon:metapod.geo";"Cobblemon";"sin cabeza";"";"";"";"";"";"";"";"";"";"";"";"0";""
"12";"butterfree [female]";"forma";"cobblemon:butterfree_female.geo";"Cobblemon";"bípedo";"alas";"head";"0 13 -0.5";"base";"body";"head";"body";"head";"";"wing_right [wing], wing_left [wing]";"";"0";""
"12";"butterfree";"base";"cobblemon:butterfree_male.geo";"Cobblemon";"bípedo";"alas";"head";"0 13 -0.5";"base";"body";"head";"body";"head";"";"wing_right [wing], wing_left [wing]";"";"0";""
"13";"weedle";"base";"cobblemon:weedle.geo";"Cobblemon";"muchas patas";"cola";"head";"0 4 -6";"base";"body_segment3";"head";"body_segment3";"head";"tail";"";"";"0";""
"14";"kakuna";"base";"cobblemon:kakuna.geo";"Cobblemon";"sin patas";"cola";"head";"0 10.9 -0.8";"base";"body";"head";"body";"head";"tail";"arm_right [arm], arm_left [arm]";"";"0";""
"15";"beedrill";"base";"cobblemon:beedrill.geo";"Cobblemon";"bípedo";"";"head";"0 17 -0.5";"base";"head_AI";"head";"body";"head";"";"arm_right [arm], arm_left [arm]";"";"0";""
"16";"pidgey";"base";"cobblemon:pidgey.geo";"Cobblemon";"bípedo";"alas, cola";"head";"0 9.6 -0.2";"centro";"neck";"head_angle";"torso";"neck";"tail";"wings [wing]";"";"0";""
"17";"pidgeotto";"base";"cobblemon:pidgeotto.geo";"Cobblemon";"bípedo";"alas, cola";"head";"0 10 -6.5";"centro";"neck_ai";"head_angle";"torso2";"neck";"tail";"wings [wing]";"";"0";""
"18";"pidgeot";"base";"cobblemon:pidgeot.geo";"Cobblemon";"bípedo";"alas, cola";"head";"0 15.2 -7.4";"centro";"neck2";"head_angle";"chest";"neck";"tail";"wings [wing]";"";"0";""
"19";"rattata [alolan]";"forma";"cobblemon:rattata_alolan.geo";"Cobblemon";"cuadrúpedo";"cola";"head";"0 6.5 -3.8";"centro";"body";"head";"body";"head";"tail";"";"";"0";""
"19";"rattata [female]";"forma";"cobblemon:rattata_female.geo";"Cobblemon";"cuadrúpedo";"cola";"head";"0 6.5 -3.8";"centro";"body";"head";"body";"head";"tail";"";"";"0";""
"19";"rattata";"base";"cobblemon:rattata_male.geo";"Cobblemon";"cuadrúpedo";"cola";"head";"0 6.5 -3.8";"centro";"body";"head";"body";"head";"tail";"";"";"0";""
"20";"raticate [alolan]";"forma";"cobblemon:raticate_alolan.geo";"Cobblemon";"bípedo";"cola";"head";"0 11.2 0.8";"centro";"torso";"head";"torso";"head";"tail";"";"";"0";""
"20";"raticate [female]";"forma";"cobblemon:raticate_female.geo";"Cobblemon";"bípedo";"cola";"head";"0 11.2 -0.2";"centro";"torso";"head";"torso";"head";"tail";"arm_right [arm], arm_left [arm]";"";"0";""
"20";"raticate";"base";"cobblemon:raticate_male.geo";"Cobblemon";"bípedo";"cola";"head";"0 11.2 -0.2";"centro";"torso";"head";"torso";"head";"tail";"arm_right [arm], arm_left [arm]";"";"0";""
"21";"spearow";"base";"cobblemon:spearow.geo";"Cobblemon";"bípedo";"alas, cola";"head";"0 12.3 -3.2";"centro";"head_ai";"head";"torso";"neck";"tail";"wings_open [wing], wings_closed [wing]";"";"0";""
"22";"fearow";"base";"cobblemon:fearow.geo";"Cobblemon";"bípedo";"alas, cola";"head";"0 32.9 -14.9";"base";"neck3";"head";"torso";"neck";"tail";"wings_open [wing], wings_closed [wing], scruff [scruff]";"";"0";""
"23";"ekans";"base";"cobblemon:ekans.geo";"Cobblemon";"serpiente/pez";"cola (punta)";"head";"0 3 -17.5";"base";"body";"head";"tail (al lado, 5 huesos)";"head";"tail6 (punta)";"";"";"0";""
"24";"arbok";"base";"cobblemon:arbok.geo";"Cobblemon";"sin patas";"cola";"head";"0 3.5 -49.2";"base";"neck";"head_angle";"hood3";"neck";"tail_base";"";"";"0";""
"25";"pikachu [cosmetic_item-lava_cookie,female] (+7)";"cosmético";"cobblemon:pikachu_cap_female.geo";"Cobblemon";"bípedo";"cola";"head";"0 13.5 1";"centro";"neck";"head_angle";"torso";"neck";"tail";"";"";"0";""
"25";"pikachu [cosmetic_item-lava_cookie] (+7)";"cosmético";"cobblemon:pikachu_cap_male.geo";"Cobblemon";"bípedo";"cola";"head";"0 13.5 1";"centro";"neck";"head_angle";"torso";"neck";"tail";"";"";"0";""
"25";"pikachu [cosmetic_item-compass,female]";"cosmético";"cobblemon:pikachu_captain_female.geo";"Cobblemon";"bípedo";"cola";"head";"0 13.5 1";"centro";"neck";"head_angle";"torso";"neck";"tail";"";"";"0";""
"25";"pikachu [cosmetic_item-compass]";"cosmético";"cobblemon:pikachu_captain_male.geo";"Cobblemon";"bípedo";"cola";"head";"0 13.5 1";"centro";"neck";"head_angle";"torso";"neck";"tail";"";"";"0";""
"25";"pikachu [cosmetic_item-leather_helmet,female] (+2)";"cosmético";"cobblemon:pikachu_detective_female.geo";"Cobblemon";"bípedo";"cola";"head";"0 13.5 1";"centro";"neck";"head_angle";"torso";"neck";"tail";"";"";"0";""
"25";"pikachu [cosmetic_item-leather_helmet] (+2)";"cosmético";"cobblemon:pikachu_detective_male.geo";"Cobblemon";"bípedo";"cola";"head";"0 13.5 1";"centro";"neck";"head_angle";"torso";"neck";"tail";"";"";"0";""
"25";"pikachu [female]";"forma";"cobblemon:pikachu_female.geo";"Cobblemon";"bípedo";"cola";"head";"0 13.5 1";"centro";"neck";"head_angle";"torso";"neck";"tail";"";"";"0";""
"25";"pikachu [cosmetic_item-shears,female]";"cosmético";"cobblemon:pikachu_fluff_female.geo";"Cobblemon";"bípedo";"cola";"head";"0 13.5 1";"centro";"neck";"head_angle";"torso";"neck";"tail";"";"";"0";""
"25";"pikachu [cosmetic_item-shears]";"cosmético";"cobblemon:pikachu_fluff_male.geo";"Cobblemon";"bípedo";"cola";"head";"0 13.5 1";"centro";"neck";"head_angle";"torso";"neck";"tail";"";"";"0";""
"25";"pikachu";"base";"cobblemon:pikachu_male.geo";"Cobblemon";"bípedo";"cola";"head";"0 13.5 1";"centro";"neck";"head_angle";"torso";"neck";"tail";"";"";"0";""
"26";"raichu [alolan]";"forma";"cobblemon:raichu_alolan.geo";"Cobblemon";"bípedo";"cola";"head";"0 15.2 1.2";"centro";"neck";"head_angle";"torso";"neck";"tail";"arms [arm]";"";"0";""
"26";"raichu [alolan,cosmetic_item-lava_cookie] (+7)";"cosmético";"cobblemon:raichu_alolan_cap.geo";"Cobblemon";"bípedo";"cola";"head";"0 15.2 1.2";"centro";"neck";"head_angle";"torso";"neck";"tail";"arms [arm]";"";"0";""
"26";"raichu [alolan,cosmetic_item-compass]";"cosmético";"cobblemon:raichu_alolan_captain.geo";"Cobblemon";"bípedo";"cola";"head";"0 15.2 1.2";"centro";"neck";"head_angle";"torso";"neck";"tail";"arms [arm]";"";"0";""
"26";"raichu [alolan,cosmetic_item-leather_helmet] (+2)";"cosmético";"cobblemon:raichu_alolan_detective.geo";"Cobblemon";"bípedo";"cola";"head";"0 15.2 1.2";"centro";"neck";"head_angle";"torso";"neck";"tail";"arms [arm]";"";"0";""
"26";"raichu [alolan,cosmetic_item-shears]";"cosmético";"cobblemon:raichu_alolan_fluff.geo";"Cobblemon";"bípedo";"cola";"head";"0 15.2 1.2";"centro";"neck";"head_angle";"torso";"neck";"tail";"arms [arm]";"";"0";""
"26";"raichu [cosmetic_item-lava_cookie,female] (+7)";"cosmético";"cobblemon:raichu_cap_female.geo";"Cobblemon";"bípedo";"cola";"head";"0 15.2 1.2";"centro";"neck";"head_angle";"torso";"neck";"tail";"arms [arm]";"";"0";""
"26";"raichu [cosmetic_item-lava_cookie] (+7)";"cosmético";"cobblemon:raichu_cap_male.geo";"Cobblemon";"bípedo";"cola";"head";"0 15.2 1.2";"centro";"neck";"head_angle";"torso";"neck";"tail";"arms [arm]";"";"0";""
"26";"raichu [cosmetic_item-compass,female]";"cosmético";"cobblemon:raichu_captain_female.geo";"Cobblemon";"bípedo";"cola";"head";"0 15.2 1.2";"centro";"neck";"head_angle";"torso";"neck";"tail";"arms [arm]";"";"0";""
"26";"raichu [cosmetic_item-compass]";"cosmético";"cobblemon:raichu_captain_male.geo";"Cobblemon";"bípedo";"cola";"head";"0 15.2 1.2";"centro";"neck";"head_angle";"torso";"neck";"tail";"arms [arm]";"";"0";""
"26";"raichu [cosmetic_item-leather_helmet,female] (+2)";"cosmético";"cobblemon:raichu_detective_female.geo";"Cobblemon";"bípedo";"cola";"head";"0 15.2 1.2";"centro";"neck";"head_angle";"torso";"neck";"tail";"arms [arm]";"";"0";""
"26";"raichu [cosmetic_item-leather_helmet] (+2)";"cosmético";"cobblemon:raichu_detective_male.geo";"Cobblemon";"bípedo";"cola";"head";"0 15.2 1.2";"centro";"neck";"head_angle";"torso";"neck";"tail";"arms [arm]";"";"0";""
"26";"raichu [female]";"forma";"cobblemon:raichu_female.geo";"Cobblemon";"bípedo";"cola";"head";"0 15.2 1.2";"centro";"neck";"head_angle";"torso";"neck";"tail";"arms [arm]";"";"0";""
"26";"raichu [cosmetic_item-shears,female]";"cosmético";"cobblemon:raichu_fluff_female.geo";"Cobblemon";"bípedo";"cola";"head";"0 15.2 1.2";"centro";"neck";"head_angle";"torso";"neck";"tail";"arms [arm]";"";"0";""
"26";"raichu [cosmetic_item-shears]";"cosmético";"cobblemon:raichu_fluff_male.geo";"Cobblemon";"bípedo";"cola";"head";"0 15.2 1.2";"centro";"neck";"head_angle";"torso";"neck";"tail";"arms [arm]";"";"0";""
"26";"raichu";"base";"cobblemon:raichu_male.geo";"Cobblemon";"bípedo";"cola";"head";"0 15.2 1.2";"centro";"neck";"head_angle";"torso";"neck";"tail";"arms [arm]";"";"0";""
"27";"sandshrew";"base";"cobblemon:sandshrew.geo";"Cobblemon";"bípedo";"cola";"head";"0 11 -0.8";"base";"torso";"head";"torso";"head";"tail";"ball [ball], arms [arm]";"";"0";""
"27";"sandshrew [alolan]";"forma";"cobblemon:sandshrew_alolan.geo";"Cobblemon";"bípedo";"cola";"head";"0 11 -1.2";"base";"torso";"head_angle";"torso";"head";"tail";"ball [ball], arms [arm]";"";"0";""
"28";"sandslash";"base";"cobblemon:sandslash.geo";"Cobblemon";"bípedo";"cola";"head";"0 15 -1.5";"base";"torso2";"head_angle";"torso";"head";"tail";"ball [ball], arms [arm]";"";"0";""
"28";"sandslash [alolan]";"forma";"cobblemon:sandslash_alolan.geo";"Cobblemon";"bípedo";"cola";"head";"0 15 -1.5";"base";"torso2";"head_spike";"torso";"head";"tail";"shoulder_spikes [arm], arms [arm]";"";"0";""
"29";"nidoranf";"base";"cobblemon:nidoranf.geo";"Cobblemon";"cuadrúpedo";"";"head";"0 6.8 -3";"base";"torso";"head";"torso";"head";"";"";"";"0";""
"30";"nidorina";"base";"cobblemon:nidorina.geo";"Cobblemon";"bípedo";"cola";"head";"0 9.5 -5.5";"base";"neck";"head";"torso";"neck";"tail_1";"";"";"0";""
"31";"nidoqueen";"base";"cobblemon:nidoqueen.geo";"Cobblemon";"bípedo";"cola";"head";"0 19.5 1";"base";"upper_torso";"head";"torso";"head";"tail";"left_breast [breast], right_breast [breast], left_shoulder [arm], right_shoulder [arm]";"";"0";""
"32";"nidoranm";"base";"cobblemon:nidoranm.geo";"Cobblemon";"cuadrúpedo";"";"head";"0 6 -2.5";"base";"torso";"head";"torso";"head";"";"";"";"0";""
"33";"nidorino";"base";"cobblemon:nidorino.geo";"Cobblemon";"cuadrúpedo";"";"head";"0 10.5 -7";"base";"neck";"head";"torso";"neck";"";"";"";"0";""
"34";"nidoking";"base";"cobblemon:nidoking.geo";"Cobblemon";"bípedo";"cola";"head";"0 32 1.5";"centro";"neck";"head";"torso";"neck";"tail";"spike5 [spike], spike6 [spike], spike7 [spike], spike4 [spike], shoulder_left [arm], shoulder_right [arm]";"spike2 [spike], spike3 [spike]";"0";""
"35";"clefairy";"base";"cobblemon:clefairy.geo";"Cobblemon";"todo cabeza";"";"torso";"0 6 -0.2";"";"body";"torso";"";"torso";"";"";"";"0";""
"36";"clefable";"base";"cobblemon:clefable.geo";"Cobblemon";"todo cabeza";"";"torso";"0 6.2 -0.8";"";"body";"torso";"";"torso";"";"";"";"0";""
"37";"vulpix";"base";"cobblemon:vulpix.geo";"Cobblemon";"cuadrúpedo";"cola";"head";"0 12 -1.5";"base";"neck";"head_rotation";"torso";"neck";"tail";"";"";"0";""
"37";"vulpix [alolan]";"forma";"cobblemon:vulpix_alolan.geo";"Cobblemon";"cuadrúpedo";"cola";"head";"0 12.2 -1.2";"base";"neck";"head_rotation";"torso";"neck";"tail";"";"";"0";""
"38";"ninetales";"base";"cobblemon:ninetales.geo";"Cobblemon";"cuadrúpedo";"cola";"head";"0 25.2 -7.2";"centro";"neck2";"head_rotation";"chest";"neck";"tails";"";"";"0";""
"38";"ninetales [alolan]";"forma";"cobblemon:ninetales_alolan.geo";"Cobblemon";"cuadrúpedo";"cola";"head";"0 26.5 -7";"base";"neck2";"head_rotation";"chest";"neck";"tail";"";"";"0";""
"39";"jigglypuff";"base";"cobblemon:jigglypuff.geo";"Cobblemon";"bípedo";"";"head";"0 2.5 0";"base";"body";"head_scale";"";"head";"";"";"";"1";"sin tronco (ningún hueso con cubos hasta la cabeza): sin adornos"
"40";"wigglytuff";"base";"cobblemon:wigglytuff.geo";"Cobblemon";"bípedo";"cola";"torso2";"0 13 -0.5";"base";"torso";"torso2_scale";"torso1_scale (al lado, 1 huesos)";"torso2";"tail";"arms [arm]";"";"0";""
"41";"zubat [female]";"forma";"cobblemon:zubat_female.geo";"Cobblemon";"todo cabeza";"";"torso";"0 8 1.5";"";"body";"torso";"";"torso";"";"";"";"0";""
"41";"zubat";"base";"cobblemon:zubat_male.geo";"Cobblemon";"todo cabeza";"";"torso";"0 8 1.5";"";"body";"torso";"";"torso";"";"";"";"0";""
"42";"golbat [female]";"forma";"cobblemon:golbat_female.geo";"Cobblemon";"todo cabeza";"";"torso";"0 5 0";"";"body";"torso";"";"torso";"";"";"";"0";""
"42";"golbat";"base";"cobblemon:golbat_male.geo";"Cobblemon";"todo cabeza";"";"torso";"0 5 0";"";"body";"torso";"";"torso";"";"";"";"0";""
"43";"oddish";"base";"cobblemon:oddish.geo";"Cobblemon";"todo cabeza";"";"torso";"0 5.5 0";"";"body";"torso";"";"torso";"";"";"";"0";""
"44";"gloom [female]";"forma";"cobblemon:gloom_female.geo";"Cobblemon";"todo cabeza";"";"torso";"0 6 0.5";"";"body";"torso";"";"torso";"";"";"";"0";""
"44";"gloom";"base";"cobblemon:gloom_male.geo";"Cobblemon";"todo cabeza";"";"torso";"0 6 0.5";"";"body";"torso";"";"torso";"";"";"";"0";""
"45";"vileplume";"base";"cobblemon:vileplume.geo";"Cobblemon";"todo cabeza";"";"torso";"0 2 0";"";"body";"torso";"";"torso";"";"";"";"0";""
"46";"paras";"base";"cobblemon:paras.geo";"Cobblemon";"cuadrúpedo";"";"head";"0 4.2 -2";"base";"body";"head";"body";"head";"";"arms [arm], mushrooms [mushroom]";"";"0";""
"47";"parasect";"base";"cobblemon:parasect.geo";"Cobblemon";"cuadrúpedo";"";"head";"0 7.2 -5";"base";"torso";"head";"torso";"head";"";"mushroom [mushroom], arms [arm]";"";"0";""
"48";"venonat";"base";"cobblemon:venonat.geo";"Cobblemon";"todo cabeza";"";"torso";"0 1 0";"";"body";"torso";"";"torso";"";"";"";"0";""
"49";"venomoth";"base";"cobblemon:venomoth.geo";"Cobblemon";"muchas patas";"alas";"head";"0 7 0";"centro";"torso";"head";"torso";"head";"";"wings [wing]";"";"0";""
"50";"diglett";"base";"cobblemon:diglett.geo";"Cobblemon";"sin patas";"";"body2";"0 6 0";"base";"body";"body2";"ground";"body2";"";"";"";"0";""
"50";"diglett [alolan]";"forma";"cobblemon:diglett_alolan.geo";"Cobblemon";"sin patas";"";"body2";"0 6 0";"base";"body";"body2";"ground";"body2";"";"";"";"0";""
"51";"dugtrio";"base";"cobblemon:dugtrio.geo";"Cobblemon";"sin cabeza";"";"";"";"";"";"";"";"";"";"";"";"1";"posible cabeza: body1_2 (lleva la cara)"
"51";"dugtrio [alolan]";"forma";"cobblemon:dugtrio_alolan.geo";"Cobblemon";"sin cabeza";"";"";"";"";"";"";"";"";"";"";"";"1";"posible cabeza: body1_2 (lleva la cara)"
"52";"meowth";"base";"cobblemon:meowth.geo";"Cobblemon";"bípedo";"cola";"head";"0 10 0";"base";"torso";"head";"torso";"head";"tail1";"arm_right [arm], arm_left [arm]";"";"0";""
"52";"meowth [alolan]";"forma";"cobblemon:meowth_alolan.geo";"Cobblemon";"bípedo";"cola";"head";"0 10 0";"base";"torso";"head";"torso";"head";"tail1";"arm_right [arm], arm_left [arm]";"";"0";""
"52";"meowth [galarian]";"forma";"cobblemon:meowth_galarian.geo";"Cobblemon";"bípedo";"cola";"head";"0 9 0";"base";"torso";"head";"torso";"head";"tail1";"arm_right [arm], arm_left [arm]";"";"0";""
"53";"persian";"base";"cobblemon:persian.geo";"Cobblemon";"cuadrúpedo";"cola";"head";"0 21 -7.2";"base";"neck";"head";"torso";"neck";"tail1";"";"";"0";""
"53";"persian [alolan]";"forma";"cobblemon:persian_alolan.geo";"Cobblemon";"cuadrúpedo";"cola";"head";"0 18 -5.2";"centro";"neck";"head";"torso";"neck";"tail1";"";"";"0";""
"54";"psyduck";"base";"cobblemon:psyduck.geo";"Cobblemon";"bípedo";"cola";"head";"0 13 0";"centro";"neck";"head_angle";"torso";"neck";"tail";"arm_right [arm], arm_left [arm]";"";"0";""
"55";"golduck";"base";"cobblemon:golduck.geo";"Cobblemon";"bípedo";"cola";"head";"0 21.5 0";"centro";"neck";"head_angle";"torso";"neck";"tail";"arms [arm]";"";"0";""
"56";"mankey";"base";"cobblemon:mankey.geo";"Cobblemon";"todo cabeza";"";"torso";"0 9.5 0";"";"body";"torso";"";"torso";"";"";"";"0";""
"57";"primeape";"base";"cobblemon:primeape.geo";"Cobblemon";"todo cabeza";"";"torso";"0 13.2 0";"";"body";"torso";"";"torso";"";"";"";"0";""
"58";"growlithe";"base";"cobblemon:growlithe.geo";"Cobblemon";"cuadrúpedo";"cola";"head";"0 14.2 -5";"centro";"neck";"head";"upper_torso";"neck";"tail";"";"";"0";""
"58";"growlithe [hisuian]";"forma";"cobblemon:growlithe_hisuian.geo";"AllTheMons-R4.0";"bípedo";"cola";"head";"0 14.2 -5";"centro";"neck";"head";"upper_torso";"neck";"tail";"left_shoulder [arm], right_shoulder [arm]";"";"0";""
"59";"arcanine";"base";"cobblemon:arcanine.geo";"Cobblemon";"cuadrúpedo";"cola";"head";"0 29.5 -7.8";"centro";"neck";"head";"upper_torso";"neck";"tail";"";"";"0";""
"59";"arcanine [hisuian]";"forma";"cobblemon:arcanine_hisuian.geo";"AllTheMons-R4.0";"cuadrúpedo";"cola";"head";"0 29.5 -7.8";"centro";"neck";"head";"upper_torso";"neck";"tail";"";"";"0";""
"60";"poliwag";"base";"cobblemon:poliwag.geo";"Cobblemon";"todo cabeza";"";"torso";"0 3 1";"";"body";"torso";"";"torso";"";"";"";"0";""
"61";"poliwhirl";"base";"cobblemon:poliwhirl.geo";"Cobblemon";"bípedo";"";"head";"0 16 0";"centro";"torso";"head";"torso";"head";"";"arm_left [arm], arm_right [arm]";"";"0";""
"62";"poliwrath";"base";"cobblemon:poliwrath.geo";"Cobblemon";"bípedo";"";"head";"0 23.5 -1";"centro";"torso";"head";"torso";"head";"";"arm_left1 [arm], arm_right1 [arm]";"";"0";""
"63";"abra";"base";"cobblemon:abra.geo";"Cobblemon";"bípedo";"cola";"head";"0 15 0";"base";"chest";"head";"chest";"head";"tail";"pads [pad], arms [arm]";"";"0";""
"64";"kadabra [female]";"forma";"cobblemon:kadabra_female.geo";"Cobblemon";"bípedo";"cola";"head";"0 20.2 -2.2";"base";"chest";"head";"chest";"head";"tail";"arms [arm]";"";"0";""
"64";"kadabra";"base";"cobblemon:kadabra_male.geo";"Cobblemon";"bípedo";"cola";"head";"0 20.2 -2.2";"base";"chest";"head";"chest";"head";"tail";"arms [arm]";"";"0";""
"65";"alakazam [female]";"forma";"cobblemon:alakazam_female.geo";"Cobblemon";"bípedo";"";"head";"0 26.8 -2.2";"base";"upper_torso";"head";"upper_torso";"head";"";"left_shoulder [arm], right_shoulder [arm]";"";"0";""
"65";"alakazam";"base";"cobblemon:alakazam_male.geo";"Cobblemon";"bípedo";"";"head";"0 26.8 -2.2";"base";"upper_torso";"head";"upper_torso";"head";"";"left_shoulder [arm], right_shoulder [arm]";"";"0";""
"66";"machop";"base";"cobblemon:machop.geo";"Cobblemon";"bípedo";"cola";"head";"0 14.2 0";"base";"torso";"head";"torso";"head";"tail";"arm_right [arm], arm_left [arm]";"";"0";""
"67";"machoke";"base";"cobblemon:machoke.geo";"Cobblemon";"bípedo";"";"head";"0 21.2 0.8";"base";"chest";"head_angle";"chest";"head";"";"arm_right [arm], arm_left [arm]";"";"0";""
"68";"machamp";"base";"cobblemon:machamp.geo";"Cobblemon";"bípedo";"";"head";"0 22.8 -3";"base";"chest";"head_angle";"chest";"head";"";"arm_right [arm], arm_left [arm], arm_back_right [arm], arm_back_left [arm]";"";"0";""
"69";"bellsprout";"base";"cobblemon:bellsprout.geo";"Cobblemon";"serpiente/pez";"";"head";"0 20 0";"base";"neck2";"head";"neck";"neck2";"";"arms [arm]";"";"0";""
"70";"weepinbell";"base";"cobblemon:weepinbell.geo";"Cobblemon";"sin cabeza";"";"";"";"";"";"";"";"";"";"";"";"0";""
"71";"victreebel";"base";"cobblemon:victreebel.geo";"Cobblemon";"sin patas";"";"body3";"0 22.5 0";"base";"body2";"body3";"body";"body3";"";"arms [arm]";"";"0";""
"72";"tentacool";"base";"cobblemon:tentacool.geo";"Cobblemon";"todo cabeza";"";"torso";"0 24.5 0";"";"body";"torso";"";"torso";"";"";"";"0";""
"73";"tentacruel";"base";"cobblemon:tentacruel.geo";"Cobblemon";"todo cabeza";"";"torso";"0 29 0";"";"body";"torso";"";"torso";"";"";"";"0";""
"74";"geodude";"base";"cobblemon:geodude.geo";"Cobblemon";"sin patas";"";"head";"0 4 0";"base";"torso";"head";"";"head";"";"arm_right [arm], arm_left [arm]";"";"1";"sin tronco (ningún hueso con cubos hasta la cabeza): sin adornos"
"74";"geodude [alolan]";"forma";"cobblemon:geodude_alolan.geo";"Cobblemon";"sin patas";"";"head";"0 4 0";"base";"torso";"head";"";"head";"";"arm_right [arm], arm_left [arm]";"";"1";"sin tronco (ningún hueso con cubos hasta la cabeza): sin adornos"
"75";"graveler";"base";"cobblemon:graveler.geo";"Cobblemon";"todo cabeza";"";"torso";"0 4 -1";"";"body_roll";"torso";"";"torso";"";"";"";"0";""
"75";"graveler [alolan]";"forma";"cobblemon:graveler_alolan.geo";"Cobblemon";"todo cabeza";"";"torso";"0 4 -1";"";"body_roll";"torso";"";"torso";"";"";"";"0";""
"76";"golem";"base";"cobblemon:golem.geo";"Cobblemon";"bípedo";"";"head";"0 18.2 -10.2";"centro";"torso";"head";"torso";"head";"";"left_upper_arm [arm], right_upper_arm [arm]";"";"0";""
"76";"golem [alolan]";"forma";"cobblemon:golem_alolan.geo";"Cobblemon";"bípedo";"";"head";"0 18 -10.2";"base";"torso";"head";"torso";"head";"";"left_arm [arm], right_arm [arm], left_rail [rail], right_rail [rail]";"";"0";""
"77";"ponyta";"base";"cobblemon:ponyta.geo";"Cobblemon";"cuadrúpedo";"cola";"head";"0 16.5 -4.8";"base";"neck";"head";"torso";"neck";"tail";"fire_mane3 [fire]";"fire_mane2 [fire]";"0";""
"77";"ponyta [galarian]";"forma";"cobblemon:ponyta_galar.geo";"Cobblemon";"cuadrúpedo";"cola";"head";"0 17 -5";"base";"neck";"head";"torso";"neck";"tail";"";"";"0";""
"78";"rapidash";"base";"cobblemon:rapidash.geo";"Cobblemon";"cuadrúpedo";"cola";"head";"0 25.5 -5.5";"centro";"neck";"head";"torso";"neck";"tail";"fire_mane2 [fire]";"fire_mane [fire]";"0";""
"78";"rapidash [galarian]";"forma";"cobblemon:rapidash_galar.geo";"Cobblemon";"cuadrúpedo";"cola";"head";"0 26.5 -5.8";"centro";"neck";"head";"torso";"neck";"tail";"";"";"0";""
"79";"slowpoke";"base";"cobblemon:slowpoke.geo";"Cobblemon";"cuadrúpedo";"cola";"head";"0 6 -8";"centro";"torso";"head_angle";"torso";"head";"tail";"";"";"0";""
"79";"slowpoke [galarian]";"forma";"cobblemon:slowpoke_galarian.geo";"Cobblemon";"cuadrúpedo";"cola";"head";"0 6 -8";"centro";"torso";"head_angle";"torso";"head";"tail";"";"";"0";""
"80";"slowbro";"base";"cobblemon:slowbro.geo";"Cobblemon";"bípedo";"cola";"head";"0 17.5 0";"base";"torso2";"head_angle";"torso";"head";"tail";"arms [arm]";"";"1";"cara fuera de la cabeza: eyes_shell, eye_shell_left, eye_shell_right"
"80";"slowbro [galarian]";"forma";"cobblemon:slowbro_galarian.geo";"Cobblemon";"bípedo";"cola";"head";"0 17.5 0";"base";"torso2";"head_angle";"torso";"head";"tail";"arms [arm]";"";"0";""
"81";"magnemite";"base";"cobblemon:magnemite.geo";"Cobblemon";"sin cabeza";"";"";"";"";"";"";"";"";"";"";"";"1";"posible cabeza por el nombre: nail_head"
"82";"magneton";"base";"cobblemon:magneton.geo";"Cobblemon";"serpiente/pez";"cola (punta)";"body";"0 16.5 0";"centro";"allbodies";"body";"body2 (al lado, 4 huesos)";"body";"magnet_left2_rotation (último segmento)";"";"";"1";"cara fuera de la cabeza: eye2, eye_angry2, eye_sad2"
"83";"farfetchd";"base";"cobblemon:farfetchd.geo";"Cobblemon";"bípedo";"alas, cola";"head";"0 13.5 0.5";"centro";"neck";"head";"torso";"neck";"tail";"wing_left [wing], leak_wing_left [leak], wing_right [wing]";"";"0";""
"83";"farfetchd [galarian]";"forma";"cobblemon:farfetchd_galar.geo";"Cobblemon";"bípedo";"alas, cola";"head";"0 14.5 0.2";"centro";"neck";"head";"torso2";"neck";"tail";"chesthair [chesthair], chesthair2 [chesthair], chesthair3 [chesthair], wing_left [wing], wing_right [wing]";"";"0";""
"84";"doduo [female]";"forma";"cobblemon:doduo_female.geo";"Cobblemon";"bípedo";"varias cabezas (2)";"head";"2.5 21 -2";"base";"neck_left2";"head";"torso";"neck_left";"";"";"";"0";""
"84";"doduo";"base";"cobblemon:doduo_male.geo";"Cobblemon";"bípedo";"varias cabezas (2)";"head";"2.5 21 -2";"base";"neck_left2";"head";"torso";"neck_left";"";"";"";"0";""
"85";"dodrio [female]";"forma";"cobblemon:dodrio_female.geo";"Cobblemon";"bípedo";"varias cabezas (3), cola";"head4";"0 26.2 -1";"base";"neck2";"head4";"torso";"neck";"tail";"tuff_front [tuff], tuff_left [tuff], tuff_right [tuff]";"";"0";""
"85";"dodrio";"base";"cobblemon:dodrio_male.geo";"Cobblemon";"bípedo";"varias cabezas (3), cola";"head4";"0 26.2 -1";"base";"neck2";"head4";"torso";"neck";"tail";"tuff_front [tuff], tuff_left [tuff], tuff_right [tuff]";"";"0";""
"86";"seel";"base";"cobblemon:seel.geo";"Cobblemon";"sin patas";"cola";"head";"0 5 -16.4";"centro";"neck";"head";"body";"neck";"tail";"arms [arm]";"";"0";""
"87";"dewgong";"base";"cobblemon:dewgong.geo";"Cobblemon";"sin patas";"cola";"head";"0 4.8 -34.5";"centro";"neck";"head";"chest";"neck";"tail";"flipper_left [flipper], flipper_right [flipper]";"";"0";""
"88";"grimer";"base";"cobblemon:grimer.geo";"Cobblemon";"sin patas";"";"head";"0 14.5 -3";"base";"torso";"head";"body2";"head";"";"arms [arm]";"";"0";""
"88";"grimer [alolan]";"forma";"cobblemon:grimer_alola.geo";"Cobblemon";"sin patas";"";"head";"0 14.5 -3";"base";"torso";"head";"body2";"head";"";"goop_bottom [goop], arms [arm]";"";"0";""
"89";"muk";"base";"cobblemon:muk.geo";"Cobblemon";"sin patas";"";"head";"0 8 0";"base";"body2";"head";"body";"head";"";"arms [arm]";"";"0";""
"89";"muk [alolan]";"forma";"cobblemon:muk_alola.geo";"Cobblemon";"sin patas";"";"head";"0 8 0";"base";"body2";"head";"body";"head";"";"arms [arm]";"";"0";""
"90";"shellder";"base";"cobblemon:shellder.geo";"Cobblemon";"sin patas";"";"head";"0 4 -1.5";"centro";"body";"head";"";"head";"";"shell_top [shell], shell_bottom [shell]";"";"1";"sin tronco (ningún hueso con cubos hasta la cabeza): sin adornos"
"91";"cloyster";"base";"cobblemon:cloyster.geo";"Cobblemon";"sin patas";"";"head";"0 13 -6.5";"centro";"body";"head";"";"head";"";"shell_left [shell], shell_right [shell], inner_shell [shell]";"";"1";"sin tronco (ningún hueso con cubos hasta la cabeza): sin adornos"
"92";"gastly";"base";"cobblemon:gastly.geo";"Cobblemon";"sin cabeza";"";"";"";"";"";"";"";"";"";"";"";"0";""
"93";"haunter";"base";"cobblemon:haunter.geo";"Cobblemon";"todo cabeza";"cola";"torso";"0 12.9 0";"";"body";"torso";"";"torso";"tail1";"";"";"0";""
"94";"gengar";"base";"cobblemon:gengar.geo";"Cobblemon";"todo cabeza";"";"torso";"0 9 0.2";"";"body";"torso";"";"torso";"";"";"";"0";""
"95";"onix";"base";"cobblemon:onix.geo";"Cobblemon";"serpiente/pez";"cola (punta)";"head";"0 11 -30";"base";"body";"head";"boulder1 (al lado, 13 huesos)";"head";"boulder14 (último segmento)";"";"";"0";""
"96";"drowzee";"base";"cobblemon:drowzee.geo";"Cobblemon";"bípedo";"";"head";"0 18 -0.2";"base";"upper_torso";"head";"torso";"head";"";"arms [arm]";"";"0";""
"97";"hypno [female]";"forma";"cobblemon:hypno_female.geo";"Cobblemon";"bípedo";"";"head";"0 26.8 -0.8";"centro";"upper_torso";"head_angle";"upper_torso";"head";"";"arms [arm]";"";"0";""
"97";"hypno";"base";"cobblemon:hypno_male.geo";"Cobblemon";"bípedo";"";"head";"0 26.8 -0.8";"centro";"upper_torso";"head_angle";"upper_torso";"head";"";"arms [arm]";"";"0";""
"98";"krabby";"base";"cobblemon:krabby.geo";"Cobblemon";"sin cabeza";"";"";"";"";"";"";"";"";"";"";"";"0";""
"99";"kingler";"base";"cobblemon:kingler.geo";"Cobblemon";"sin cabeza";"";"";"";"";"";"";"";"";"";"";"";"0";""
"100";"voltorb";"base";"cobblemon:voltorb.geo";"Cobblemon";"sin cabeza";"";"";"";"";"";"";"";"";"";"";"";"0";""
"100";"voltorb [hisuian]";"forma";"cobblemon:voltorb_hisuian.geo";"Cobblemon";"sin cabeza";"";"";"";"";"";"";"";"";"";"";"";"0";""
"101";"electrode";"base";"cobblemon:electrode.geo";"Cobblemon";"sin cabeza";"";"";"";"";"";"";"";"";"";"";"";"0";""
"101";"electrode [hisuian]";"forma";"cobblemon:electrode_hisuian.geo";"Cobblemon";"sin cabeza";"";"";"";"";"";"";"";"";"";"";"";"0";""
"102";"exeggcute";"base";"cobblemon:exeggcute.geo";"Cobblemon";"sin cabeza";"";"";"";"";"";"";"";"";"";"";"";"1";"posible cabeza: egg1 (lleva la cara)"
"103";"exeggutor";"base";"cobblemon:exeggutor.geo";"Cobblemon";"bípedo";"racimo (3)";"head";"0 37.8 -6.5";"base";"upperHead";"head";"torso";"head";"";"";"leaves_outer [leave]";"0";""
"103";"exeggutor [alolan]";"forma";"cobblemon:exeggutor_alolan.geo";"Cobblemon";"bípedo";"racimo (3), cola";"head";"0 151 -8.5";"base";"upperHead";"head";"torso";"neck";"tail";"";"leaves_inner [leave], leaves_outer [leave]";"0";""
"104";"cubone";"base";"cobblemon:cubone.geo";"Cobblemon";"bípedo";"cola";"head";"0 9.5 0";"base";"upper_torso";"head";"torso";"head";"tail";"left_upper_arm [arm], right_upper_arm [arm]";"";"0";""
"105";"marowak";"base";"cobblemon:marowak.geo";"Cobblemon";"bípedo";"cola";"head";"0 14.5 0";"base";"neck";"head";"torso";"neck";"tail";"left_upper_arm [arm], right_upper_arm [arm]";"";"0";""
"105";"marowak [alolan]";"forma";"cobblemon:marowak_alolan.geo";"Cobblemon";"bípedo";"cola";"head";"0 19 0";"base";"neck";"head";"torso";"neck";"tail";"left_upper_arm [arm], right_upper_arm [arm]";"";"0";""
"106";"hitmonlee";"base";"cobblemon:hitmonlee.geo";"Cobblemon";"bípedo";"";"torso2";"0 16.5 0";"base";"torso";"torso2";"torso";"torso2";"";"";"";"0";""
"107";"hitmonchan";"base";"cobblemon:hitmonchan.geo";"Cobblemon";"bípedo";"";"head";"0 23.5 -1";"base";"torso2";"head";"torso2";"head";"";"skirt_right [skirt], skirt_left [skirt], skirt_back [skirt], skirt_front [skirt], shoulder_right [arm], shoulder_left [arm], arm_left [arm], arm_right [arm]";"";"0";""
"108";"lickitung";"base";"cobblemon:lickitung.geo";"Cobblemon";"bípedo";"cola";"head";"0 18.5 -2";"base";"upper_torso";"head";"torso";"head";"tail_1";"throat [throat], left_upper_arm [arm], right_upper_arm [arm]";"";"0";""
"109";"koffing";"base";"cobblemon:koffing.geo";"Cobblemon";"sin cabeza";"";"";"";"";"";"";"";"";"";"";"";"0";""
"110";"weezing";"base";"cobblemon:weezing.geo";"Cobblemon";"sin cabeza";"";"";"";"";"";"";"";"";"";"";"";"0";""
"110";"weezing [galarian]";"forma";"cobblemon:weezing_galar.geo";"Cobblemon";"sin cabeza";"";"";"";"";"";"";"";"";"";"";"";"0";""
"111";"rhyhorn [female]";"forma";"cobblemon:rhyhorn_female.geo";"Cobblemon";"cuadrúpedo";"";"head";"0 9.4 -10.7";"base";"torso";"head_angle";"torso";"head";"";"";"";"0";""
"111";"rhyhorn";"base";"cobblemon:rhyhorn_male.geo";"Cobblemon";"cuadrúpedo";"";"head";"0 9.4 -10.7";"base";"torso";"head_angle";"torso";"head";"";"left_bodyplate [bodyplate], right_bodyplate [bodyplate], left_legplate [legplate], right_legplate [legplate]";"";"0";""
"112";"rhydon [female]";"forma";"cobblemon:rhydon_female.geo";"Cobblemon";"bípedo";"cola";"head";"0 26 0";"base";"upper_torso";"head_angle";"torso";"head";"tail";"backspike [spike], left_shoulder [arm], right_shoulder [arm], backspike2 [spike], backspike3 [spike]";"";"0";""
"112";"rhydon";"base";"cobblemon:rhydon_male.geo";"Cobblemon";"bípedo";"cola";"head";"0 26 0";"base";"upper_torso";"head_angle";"torso";"head";"tail";"backspike [spike], left_shoulder [arm], right_shoulder [arm], backspike2 [spike], backspike3 [spike]";"";"0";""
"113";"chansey";"base";"cobblemon:chansey.geo";"Cobblemon";"bípedo";"cola";"head";"0 15 0";"base";"torso";"head";"torso";"head";"tail1";"left_arm [arm], right_arm [arm], pouch [pouch]";"";"0";""
"114";"tangela";"base";"cobblemon:tangela.geo";"Cobblemon";"sin cabeza";"";"";"";"";"";"";"";"";"";"";"";"0";""
"115";"kangaskhan";"base";"cobblemon:kangaskhan.geo";"Cobblemon";"cuadrúpedo";"cola";"head";"0 41.7 1.8";"base";"neck";"head";"torso";"neck";"tail";"torso_kid [kid], pouch [pouch], arms [arm]";"";"0";""
"116";"horsea";"base";"cobblemon:horsea.geo";"Cobblemon";"sin patas";"cola";"head";"0 13 0.2";"base";"neck";"head";"torso";"neck";"tail";"fin [fin]";"";"0";""
"117";"seadra";"base";"cobblemon:seadra.geo";"Cobblemon";"sin patas";"cola";"head";"0 18 1.5";"base";"neck";"head";"torso";"neck";"tail";"fin_right [fin], fin_left [fin]";"";"0";""
"118";"goldeen [female]";"forma";"cobblemon:goldeen_female.geo";"Cobblemon";"sin patas";"cola";"head";"0 5.3 -6";"base";"torso";"head";"torso";"head";"tail_right1, tail_middle1, tail_left1";"dorsal_fin [dorsal], fin_right1 [fin], fin_left1 [fin]";"";"0";""
"118";"goldeen";"base";"cobblemon:goldeen_male.geo";"Cobblemon";"sin patas";"cola";"head";"0 5.3 -6";"base";"torso";"head";"torso";"head";"tail_right1, tail_middle1, tail_left1";"dorsal_fin [dorsal], fin_right1 [fin], fin_left1 [fin]";"";"0";""
"119";"seaking [female]";"forma";"cobblemon:seaking_female.geo";"Cobblemon";"sin patas";"cola";"head";"0 10.5 -13";"centro";"torso";"head";"torso";"head";"tail";"fin_right1 [fin], fin_left1 [fin]";"";"1";"cara fuera de la cabeza: eyes, eye_right, eye_blink_right"
"119";"seaking";"base";"cobblemon:seaking_male.geo";"Cobblemon";"sin patas";"cola";"head";"0 10.5 -13";"centro";"torso";"head";"torso";"head";"tail";"fin_right1 [fin], fin_left1 [fin]";"";"1";"cara fuera de la cabeza: eyes, eye_right, eye_blink_right"
"120";"staryu";"base";"cobblemon:staryu.geo";"Cobblemon";"sin cabeza";"";"";"";"";"";"";"";"";"";"";"";"0";""
"121";"starmie";"base";"cobblemon:starmie.geo";"Cobblemon";"sin cabeza";"";"";"";"";"";"";"";"";"";"";"";"0";""
"122";"mrmime";"base";"cobblemon:mr_mime.geo";"Cobblemon";"bípedo";"";"head";"0 24.5 1";"base";"chest";"head";"chest";"head";"";"arms [arm]";"";"0";""
"122";"mrmime [galarian]";"forma";"cobblemon:mr_mime_galarian.geo";"Cobblemon";"bípedo";"";"head";"0 27 0";"base";"torso2";"head";"torso2";"head";"";"arms [arm]";"";"0";""
"123";"scyther [female]";"forma";"cobblemon:scyther_female.geo";"Cobblemon";"bípedo";"alas";"head";"0 33.2 -0.5";"base";"neck";"head";"abdomen";"neck";"";"left_shoulder [arm], right_shoulder [arm], left_wing [wing], right_wing [wing]";"";"0";""
"123";"scyther";"base";"cobblemon:scyther_male.geo";"Cobblemon";"bípedo";"alas";"head";"0 33.2 -0.5";"base";"neck";"head";"abdomen";"neck";"";"left_shoulder [arm], right_shoulder [arm], left_wing [wing], right_wing [wing]";"";"0";""
"124";"jynx";"base";"cobblemon:jynx.geo";"Cobblemon";"sin patas";"";"head";"0 19 0";"base";"torso";"head_angle";"torso";"head";"";"dress [dres], armor [armor], arms [arm]";"";"0";""
"125";"electabuzz";"base";"cobblemon:electabuzz.geo";"Cobblemon";"bípedo";"cola";"head";"0 19 -0.8";"base";"torso";"head";"torso";"head";"tail";"arms [arm]";"";"0";""
"126";"magmar";"base";"cobblemon:magmar.geo";"Cobblemon";"bípedo";"cola";"head";"0 21.6 0";"centro";"neck";"head";"torso";"neck";"tail";"arm_right [arm], arm_left [arm]";"";"0";""
"127";"pinsir";"base";"cobblemon:pinsir.geo";"Cobblemon";"bípedo";"";"torso2";"0 8.8 -0.5";"base";"torso";"torso2";"torso";"torso2";"";"";"";"0";""
"128";"tauros";"base";"cobblemon:tauros.geo";"Cobblemon";"cuadrúpedo";"cola";"head";"0 18.8 -13.5";"base";"torso3";"head_angle";"torso3";"head";"tails";"mane_bottom [mane], mane [mane]";"";"0";""
"128";"tauros [aqua-breed,paldean]";"forma";"cobblemon:tauros_paldean_aqua.geo";"Cobblemon";"cuadrúpedo";"cola";"head";"0 18.8 -13.5";"base";"torso3";"head_angle";"torso3";"head";"tails";"mane_bottom [mane], lower_mane_right [mane], lower_mane_left [mane], mane [mane]";"";"0";""
"128";"tauros [blaze-breed,paldean]";"forma";"cobblemon:tauros_paldean_blaze.geo";"Cobblemon";"cuadrúpedo";"cola";"head";"0 18.8 -13.5";"base";"torso3";"head_angle";"torso3";"head";"tail";"mane_bottom [mane], mane [mane]";"";"0";""
"128";"tauros [paldean]";"forma";"cobblemon:tauros_paldean_combat.geo";"Cobblemon";"cuadrúpedo";"cola";"head";"0 18.8 -13.5";"base";"torso3";"head_angle";"torso3";"head";"tails";"mane_bottom [mane], mane [mane]";"";"0";""
"129";"magikarp [female]";"forma";"cobblemon:magikarp_female.geo";"Cobblemon";"sin cabeza";"";"";"";"";"";"";"";"";"tail2 (punta)";"";"";"0";""
"129";"magikarp";"base";"cobblemon:magikarp_male.geo";"Cobblemon";"sin cabeza";"";"";"";"";"";"";"";"";"tail2 (punta)";"";"";"0";""
"130";"gyarados [female]";"forma";"cobblemon:gyarados_female.geo";"Cobblemon";"serpiente/pez";"cola";"head";"0 48 -9.5";"base";"neck5";"head";"neck1";"neck5";"tail1";"";"";"0";""
"130";"gyarados";"base";"cobblemon:gyarados_male.geo";"Cobblemon";"serpiente/pez";"cola";"head";"0 48 -9.5";"base";"neck5";"head";"neck1";"neck5";"tail1";"";"";"0";""
"131";"lapras";"base";"cobblemon:lapras.geo";"Cobblemon";"cuadrúpedo";"cola";"head";"0 33.5 -12.5";"centro";"neck3";"head_angle";"torso";"neck2";"tail";"shell [shell]";"";"0";""
"132";"ditto";"base";"cobblemon:ditto.geo";"Cobblemon";"sin patas";"";"head";"0 5.2 0";"base";"torso2";"head";"torso2";"head";"";"";"";"0";""
"133";"eevee [female]";"forma";"cobblemon:eevee_female.geo";"Cobblemon";"cuadrúpedo";"cola";"head";"0 9.8 -2.3";"base";"neck";"head_angle";"torso";"neck";"tail1";"";"neckfur [neckfur]";"0";""
"133";"eevee";"base";"cobblemon:eevee_male.geo";"Cobblemon";"cuadrúpedo";"cola";"head";"0 9.8 -2.3";"base";"neck";"head_angle";"torso";"neck";"tail1";"";"neckfur [neckfur]";"0";""
"134";"vaporeon";"base";"cobblemon:vaporeon.geo";"Cobblemon";"cuadrúpedo";"cola";"head";"0 14.4 -6.2";"base";"neck";"head_angle";"torso";"neck";"tail";"";"frill_main [frill]";"0";""
"135";"jolteon";"base";"cobblemon:jolteon.geo";"Cobblemon";"cuadrúpedo";"cola";"head";"0 15.2 -6.2";"base";"neck";"head_angle";"torso";"neck";"tail, tail2, tail_left, tail_right";"";"frill_main [frill]";"0";""
"136";"flareon";"base";"cobblemon:flareon.geo";"Cobblemon";"cuadrúpedo";"cola";"head";"0 13.7 -7.2";"base";"neck";"head_angle";"torso";"neck";"tail";"";"mane_main [mane]";"0";""
"137";"porygon";"base";"cobblemon:porygon.geo";"Cobblemon";"bípedo";"cola";"head";"0 10.2 -0.2";"base";"torso";"head";"torso";"head";"tail";"";"";"0";""
"138";"omanyte";"base";"cobblemon:omanyte.geo";"Cobblemon";"muchas patas";"";"torso";"0 4 -3";"base";"body";"torso";"";"torso";"";"shell [shell]";"";"1";"sin tronco (ningún hueso con cubos hasta la cabeza): sin adornos"
"139";"omastar";"base";"cobblemon:omastar.geo";"Cobblemon";"bípedo";"";"torso";"-0.5 6 -3";"base";"body";"torso";"";"torso";"";"shell [shell]";"";"1";"sin tronco (ningún hueso con cubos hasta la cabeza): sin adornos"
"140";"kabuto";"base";"cobblemon:kabuto.geo";"Cobblemon";"sin cabeza";"";"";"";"";"";"";"";"";"";"";"";"0";""
"141";"kabutops";"base";"cobblemon:kabutops.geo";"Cobblemon";"bípedo";"cola";"head";"0 26.5 1";"base";"neck";"head";"torso4";"neck";"tail";"fins3 [fin], fins2 [fin], fins [fin], right_arm [arm], left_arm [arm]";"";"0";""
"142";"aerodactyl";"base";"cobblemon:aerodactyl.geo";"Cobblemon";"bípedo";"cola";"head";"0 19.8 -20.7";"base";"neck";"head";"torso";"neck";"tail_1";"hump [hump]";"";"0";""
"143";"snorlax";"base";"cobblemon:snorlax.geo";"Cobblemon";"bípedo";"";"head";"0 38 0";"base";"neck";"head";"belly (al lado, 2 huesos)";"neck";"";"arm_right [arm], arm_left [arm]";"";"0";""
"144";"articuno";"base";"cobblemon:articuno.geo";"Cobblemon";"bípedo";"alas, cola";"head";"0 24.5 -33.6";"base";"neck";"head_angle";"torso";"neck";"tail_base";"wings_open [wing], wings_closed [wing]";"";"0";""
"144";"articuno [galarian]";"forma";"cobblemon:articuno_galar.geo";"AllTheMons-R4.0";"bípedo";"alas, cola";"head";"0 32.1 0.2";"base";"chest";"head";"torso";"head";"tail";"wing_open_left [wing], wing_open_right [wing]";"";"0";""
"145";"zapdos";"base";"cobblemon:zapdos.geo";"Cobblemon";"bípedo";"alas, cola";"head";"0 20.2 -23";"base";"neck";"head_angle";"torso";"neck";"tail";"wings_open [wing], wings_closed [wing]";"";"0";""
"145";"zapdos [galarian]";"forma";"cobblemon:zapdos_galar.geo";"AllTheMons-R4.0";"bípedo";"alas, cola";"head";"0 39 -5";"base";"neck3";"head";"torso";"neck";"tail";"wing_right [wing], wing_right2 [wing]";"";"0";""
"146";"moltres";"base";"cobblemon:moltres.geo";"Cobblemon";"bípedo";"alas, cola";"head";"0 22.8 -34.6";"centro";"neck2";"head_fire";"torso";"neck";"tail_base";"wings_open [wing], wings_closed [wing]";"";"0";""
"146";"moltres [galarian]";"forma";"cobblemon:moltres_galar.geo";"AllTheMons-R4.0";"bípedo";"alas, cola";"head";"0 39 -0.1";"base";"neck";"head";"body";"neck";"tail, tail4";"wing_right [wing], wing_left [wing]";"";"0";""
"147";"dratini";"base";"cobblemon:dratini.geo";"Cobblemon";"serpiente/pez";"cola (punta)";"head";"0 15.5 0";"base";"neck";"head2";"segment2 (al lado, 7 huesos)";"neck";"segment8 (último segmento)";"";"";"0";""
"148";"dragonair";"base";"cobblemon:dragonair.geo";"Cobblemon";"serpiente/pez";"";"head";"0 32.5 0";"base";"neck4";"head_rotation";"neck";"neck4";"";"";"gem [gem]";"0";""
"149";"dragonite";"base";"cobblemon:dragonite.geo";"Cobblemon";"bípedo";"alas, cola";"head";"0 43.5 -0.2";"base";"neck";"head";"torso";"neck";"tail1";"mailbag [mailbag], arms [arm], wings [wing]";"";"0";""
"150";"mewtwo [armored]";"forma";"atm_remodels:mewtwo_armored_ll.geo";"AllTheMons-R4.0";"bípedo";"cola";"head";"0 30.5 0";"base";"neck";"head";"torso";"neck";"tail";"shoulder_left [arm], shoulder_right [arm]";"";"0";""
"150";"mewtwo";"base";"atm_remodels:mewtwo_ll.geo";"AllTheMons-R4.0";"bípedo";"cola";"head";"0 30.4 0";"base";"neck";"head";"torso";"neck";"tail";"synergy_crystal [synergy], shoulder_left [arm], shoulder_right [arm]";"";"0";""
"151";"mew";"base";"atm_remodels:mew.geo";"AllTheMons-R4.0";"bípedo";"cola";"head";"0 16 0";"base";"torso3";"head_angle";"torso";"head";"tail";"arms [arm]";"";"0";""
"152";"chikorita";"base";"cobblemon:chikorita.geo";"Cobblemon";"cuadrúpedo";"cola";"head";"0 8.8 -2.5";"base";"torso";"head";"torso";"head";"tail";"";"";"0";""
"153";"bayleef";"base";"cobblemon:bayleef.geo";"Cobblemon";"cuadrúpedo";"cola";"head";"0 19.8 -5";"base";"neck2";"head";"torso";"neck";"tail";"";"vines [vine], leaves [leave]";"0";""
"154";"meganium";"base";"cobblemon:meganium.geo";"Cobblemon";"cuadrúpedo";"cola";"head";"0 43.8 -10";"base";"neck3";"head";"torso";"neck";"tail";"";"leaves [leave]";"0";""
"155";"cyndaquil";"base";"cobblemon:cyndaquil.geo";"Cobblemon";"bípedo";"";"head";"0 6.5 -8";"base";"torso2";"head";"torso";"head";"";"fire [fire], arm_right [arm], arm_left [arm]";"";"0";""
"156";"quilava";"base";"cobblemon:quilava.geo";"Cobblemon";"bípedo";"";"head";"-0.5 7.8 -7";"base";"torso3";"head";"torso";"head";"";"fire_back_main [fire], arm_right [arm], arm_left [arm]";"";"0";""
"157";"typhlosion";"base";"cobblemon:typhlosion.geo";"AllTheMons-R4.0";"bípedo";"";"head";"0.5 16.5 -33.5";"base";"neck";"head2";"torso";"neck";"";"fire [fire], fire2 [fire], arm_right [arm], arm_left [arm]";"";"0";""
"157";"typhlosion [hisuian]";"forma";"cobblemon:typhlosion_hisuian.geo";"AllTheMons-R4.0";"bípedo";"cola";"head";"0.5 16.5 -32.5";"base";"neck";"head";"torso";"neck";"tail1";"fire_orb_right1 [fire], fire_orb_middle1 [fire], fire_orb_left1 [fire], fire_main [fire], arm_right [arm], arm_left [arm]";"";"0";""
"158";"totodile";"base";"cobblemon:totodile.geo";"Cobblemon";"bípedo";"cola";"head";"0 15 -0.5";"base";"torso2";"head";"torso2";"head";"tail";"arm_right [arm], arm_left [arm]";"";"0";""
"159";"croconaw";"base";"cobblemon:croconaw.geo";"Cobblemon";"bípedo";"cola";"head";"0 19 -0.8";"base";"chest";"head";"torso";"head";"tail";"arm_right [arm], arm_left [arm]";"";"0";""
"160";"feraligatr";"base";"cobblemon:feraligatr.geo";"Cobblemon";"bípedo";"cola";"head";"0.5 37 2";"base";"neck";"head";"torso";"neck";"tail";"shoulder_bone_right [arm], shoulder_bone_left [arm], spikes_back [spike]";"";"0";""
"161";"sentret";"base";"cobblemon:sentret.geo";"Cobblemon";"todo cabeza";"";"torso";"0 2.5 0";"";"body";"torso";"";"torso";"";"";"";"0";""
"162";"furret";"base";"cobblemon:furret.geo";"Cobblemon";"bípedo";"cola";"head";"0 5.5 -15.5";"centro";"neck";"head";"torso";"neck";"tail";"arm_left [arm], arm_right [arm]";"";"0";""
"163";"hoothoot";"base";"cobblemon:hoothoot.geo";"Cobblemon";"todo cabeza";"";"torso";"0 4 0.5";"";"body";"torso";"";"torso";"";"";"";"0";""
"164";"noctowl";"base";"cobblemon:noctowl.geo";"Cobblemon";"bípedo";"alas, cola";"head";"0 25.8 -1.5";"centro";"neck";"head";"torso";"neck";"tail";"wings_open [wing], wings_closed [wing]";"";"0";""
"165";"ledyba [female]";"forma";"cobblemon:ledyba_female.geo";"Cobblemon";"bípedo";"alas";"head";"0 6.8 -7";"base";"torso";"head";"torso";"head";"";"shell [shell], wings [wing], arms [arm]";"";"0";""
"165";"ledyba";"base";"cobblemon:ledyba_male.geo";"Cobblemon";"bípedo";"alas";"head";"0 6.8 -7";"base";"torso";"head";"torso";"head";"";"shell [shell], wings [wing], arms [arm]";"";"0";""
"166";"ledian [female]";"forma";"cobblemon:ledian_female.geo";"Cobblemon";"bípedo";"alas";"head";"0 15.5 -0.5";"base";"neck";"head";"torso";"neck";"";"arms [arm], shell [shell], wings [wing]";"";"0";""
"166";"ledian";"base";"cobblemon:ledian_male.geo";"Cobblemon";"bípedo";"alas";"head";"0 15.5 -0.5";"base";"neck";"head";"torso";"neck";"";"arms [arm], shell [shell], wings [wing]";"";"0";""
"167";"spinarak";"base";"cobblemon:spinarak.geo";"Cobblemon";"muchas patas";"";"head";"0 3.5 -3";"base";"torso";"head";"thorax (al lado, 3 huesos)";"head";"";"legfront_left [legfront], legfront_right [legfront], legmiddle_left [legmiddle], legmiddle_right [legmiddle], legback_left [legback], legback_right [legback]";"";"0";""
"168";"ariados";"base";"cobblemon:ariados.geo";"Cobblemon";"muchas patas";"";"head";"0 6.5 -5";"base";"neck";"head";"thorax (al lado, 2 huesos)";"neck";"";"";"";"0";""
"169";"crobat";"base";"cobblemon:crobat.geo";"Cobblemon";"sin cabeza";"";"";"";"";"";"";"";"";"";"";"";"0";""
"170";"chinchou";"base";"cobblemon:chinchou.geo";"Cobblemon";"todo cabeza";"";"torso";"0 2.5 2.5";"";"body";"torso";"";"torso";"";"";"";"0";""
"171";"lanturn";"base";"cobblemon:lanturn.geo";"Cobblemon";"serpiente/pez";"cola (punta)";"head";"0 13.2 -8.5";"base";"torso";"head";"torso";"head";"tail3 (punta)";"arm_left [arm], arm_right [arm]";"";"0";""
"172";"pichu";"base";"cobblemon:pichu.geo";"Cobblemon";"bípedo";"cola";"head";"0 7 0.2";"base";"torso2";"head_angle";"torso";"head";"tail0";"arms [arm]";"";"0";""
"172";"pichu [cosmetic_item-lava_cookie] (+7)";"cosmético";"cobblemon:pichu_cap.geo";"Cobblemon";"bípedo";"cola";"head";"0 7 0.2";"base";"torso2";"head_angle";"torso";"head";"tail0";"arms [arm]";"";"0";""
"172";"pichu [cosmetic_item-compass]";"cosmético";"cobblemon:pichu_captain.geo";"Cobblemon";"bípedo";"cola";"head";"0 7 0.2";"base";"torso2";"head_angle";"torso";"head";"tail0";"arms [arm]";"";"0";""
"172";"pichu [cosmetic_item-leather_helmet] (+2)";"cosmético";"cobblemon:pichu_detective.geo";"Cobblemon";"bípedo";"cola";"head";"0 7 0.2";"base";"torso2";"head_angle";"torso";"head";"tail0";"arms [arm]";"";"0";""
"172";"pichu [cosmetic_item-shears]";"cosmético";"cobblemon:pichu_fluff.geo";"Cobblemon";"bípedo";"cola";"head";"0 7 0.2";"base";"torso2";"head_angle";"torso";"head";"tail0";"arms [arm]";"";"0";""
"172";"pichu [cosmetic_item-music]";"cosmético";"cobblemon:pichu_ukulele.geo";"Cobblemon";"bípedo";"cola";"head";"0 7 0.2";"base";"torso2";"head_angle";"torso";"head";"tail0";"arms [arm], collar [collar]";"";"0";""
"173";"cleffa";"base";"cobblemon:cleffa.geo";"Cobblemon";"bípedo";"cola";"head";"0 7.1 -4.4";"base";"torso";"head";"torso";"head";"tail";"arms [arm]";"";"0";""
"174";"igglybuff";"base";"cobblemon:igglybuff.geo";"Cobblemon";"todo cabeza";"";"torso";"0 2 0";"";"body";"torso";"";"torso";"";"";"";"0";""
"175";"togepi";"base";"cobblemon:togepi.geo";"Cobblemon";"bípedo";"";"head";"0 9.6 0";"base";"torso";"head_angle";"torso";"head";"";"arms [arm]";"";"0";""
"176";"togetic";"base";"cobblemon:togetic.geo";"Cobblemon";"bípedo";"alas";"head";"0 17.5 -1.9";"centro";"neck2";"head_angle";"torso";"neck";"";"arms [arm], wings [wing]";"";"0";""
"177";"natu";"base";"cobblemon:natu.geo";"Cobblemon";"todo cabeza";"";"torso";"0 2.2 0.2";"";"body";"torso";"";"torso";"";"";"";"0";""
"178";"xatu [female]";"forma";"cobblemon:xatu_female.geo";"Cobblemon";"bípedo";"alas";"head";"0 25.5 0.2";"centro";"neck";"head";"torso";"neck";"";"wings [wing]";"";"0";""
"178";"xatu";"base";"cobblemon:xatu_male.geo";"Cobblemon";"bípedo";"alas";"head";"0 25.5 0.2";"centro";"neck";"head";"torso";"neck";"";"wings [wing]";"";"0";""
"179";"mareep";"base";"cobblemon:mareep.geo";"Cobblemon";"cuadrúpedo";"cola";"head";"0 9.8 -7.8";"base";"neck";"head_rotation";"torso";"neck";"tail";"wool [wool]";"";"0";""
"180";"flaaffy";"base";"cobblemon:flaaffy.geo";"Cobblemon";"bípedo";"cola";"head";"0 19.8 -5.2";"centro";"head_back";"head_rotation";"torso";"neck";"tail";"arms [arm], hairtuffs [hairtuff]";"";"0";""
"181";"ampharos";"base";"cobblemon:ampharos.geo";"Cobblemon";"bípedo";"cola";"head";"0 33 1";"base";"neck2";"head";"torso";"neck";"tail";"arms [arm]";"";"0";""
"182";"bellossom";"base";"cobblemon:bellossom.geo";"Cobblemon";"sin patas";"";"head";"0 10 0";"base";"body";"head";"body";"head";"";"arms [arm], leaves [leave]";"";"0";""
"183";"marill";"base";"cobblemon:marill.geo";"Cobblemon";"todo cabeza";"";"torso";"0 2 0";"";"body";"torso";"";"torso";"";"";"";"0";""
"184";"azumarill";"base";"cobblemon:azumarill.geo";"Cobblemon";"todo cabeza";"";"torso";"0 2.5 0";"";"body";"torso";"";"torso";"";"";"";"0";""
"185";"sudowoodo";"base";"cobblemon:sudowoodo.geo";"Cobblemon";"bípedo";"";"head";"0 26 0";"base";"torso2";"head";"torso";"head";"";"arm_left [arm], arm_right [arm]";"";"0";""
"186";"politoed";"base";"cobblemon:politoed.geo";"AllTheMons-R4.0";"bípedo";"";"head";"0 13.8 0.5";"base";"body";"head";"body";"head";"";"leftarm [arm], rightarm [arm]";"";"0";""
"187";"hoppip";"base";"cobblemon:hoppip.geo";"Cobblemon";"todo cabeza";"";"torso";"0 2 -0.5";"";"body";"torso";"";"torso";"";"";"";"0";""
"188";"skiploom";"base";"cobblemon:skiploom.geo";"Cobblemon";"todo cabeza";"";"torso";"0 2.5 0";"";"body";"torso";"";"torso";"";"";"";"0";""
"189";"jumpluff";"base";"cobblemon:jumpluff.geo";"Cobblemon";"todo cabeza";"";"torso";"0 2 0";"";"body";"torso";"";"torso";"";"";"";"0";""
"190";"aipom [female]";"forma";"cobblemon:aipom_female.geo";"Cobblemon";"bípedo";"cola";"head";"0 13 0";"base";"upper_torso";"head";"torso";"head";"tail_1";"left_upper_arm [arm], right_upper_arm [arm]";"";"0";""
"190";"aipom";"base";"cobblemon:aipom_male.geo";"Cobblemon";"bípedo";"cola";"head";"0 13 0";"base";"upper_torso";"head_angle";"torso";"head";"tail_1";"left_upper_arm [arm], right_upper_arm [arm]";"";"0";""
"191";"sunkern";"base";"cobblemon:sunkern.geo";"Cobblemon";"sin cabeza";"";"";"";"";"";"";"";"";"";"";"";"1";"posible cabeza por el nombre: head"
"192";"sunflora";"base";"cobblemon:sunflora.geo";"Cobblemon";"bípedo";"";"head";"0 19 0.5";"base";"neck4";"head";"torso";"neck";"";"arm_left [arm], arm_right [arm]";"";"0";""
"193";"yanma";"base";"cobblemon:yanma.geo";"Cobblemon";"muchas patas";"alas, cola";"head";"0 4.2 -6";"base";"torso";"head";"torso";"head";"tail1";"wing_right1 [wing], wing_right2 [wing], wing_left1 [wing], wing_left2 [wing]";"";"0";""
"194";"wooper [female]";"forma";"cobblemon:wooper_female.geo";"Cobblemon";"bípedo";"cola";"head";"0 7 0";"base";"torso";"head";"torso";"head";"tail";"";"";"0";""
"194";"wooper [female,wooper_heart]";"forma";"cobblemon:wooper_heart_female.geo";"Cobblemon";"bípedo";"cola";"head";"0 7 0";"base";"torso";"head";"torso";"head";"tail";"";"";"0";""
"194";"wooper [wooper_heart]";"forma";"cobblemon:wooper_heart_male.geo";"Cobblemon";"bípedo";"cola";"head";"0 7 0";"base";"torso";"head";"torso";"head";"tail";"";"";"0";""
"194";"wooper";"base";"cobblemon:wooper_male.geo";"Cobblemon";"bípedo";"cola";"head";"0 7 0";"base";"torso";"head";"torso";"head";"tail";"";"";"0";""
"194";"wooper [paldean]";"forma";"cobblemon:wooper_paldean.geo";"Cobblemon";"bípedo";"cola";"head";"0 7 0";"base";"torso";"head";"torso";"head";"tail";"";"";"0";""
"195";"quagsire [female]";"forma";"cobblemon:quagsire_female.geo";"Cobblemon";"bípedo";"cola";"head";"0 18 -1";"centro";"torso";"head";"torso";"head";"tail";"arm_right [arm], arm_left [arm]";"";"0";""
"195";"quagsire";"base";"cobblemon:quagsire_male.geo";"Cobblemon";"bípedo";"cola";"head";"0 18 -1";"centro";"torso";"head";"torso";"head";"tail";"arm_right [arm], arm_left [arm]";"";"0";""
"196";"espeon";"base";"cobblemon:espeon.geo";"Cobblemon";"cuadrúpedo";"cola";"head";"0 16.6 -5.3";"base";"neck";"head_angle";"torso";"neck";"tail";"";"";"0";""
"197";"umbreon";"base";"cobblemon:umbreon.geo";"Cobblemon";"cuadrúpedo";"cola";"head";"0 15.8 -5.6";"base";"neck";"head_angle";"torso";"neck";"tail";"";"";"0";""
"198";"murkrow [female]";"forma";"cobblemon:murkrow_female.geo";"Cobblemon";"bípedo";"alas, cola";"head";"0 10.7 -1";"base";"neck";"head_angle";"torso";"neck";"tail";"wings [wing]";"";"0";""
"198";"murkrow";"base";"cobblemon:murkrow_male.geo";"Cobblemon";"bípedo";"alas, cola";"head";"0 10.7 -1";"base";"neck";"head_angle";"torso";"neck";"tail";"wings [wing]";"";"0";""
"199";"slowking";"base";"cobblemon:slowking.geo";"Cobblemon";"bípedo";"cola";"head";"0 17.8 0";"base";"neck";"head_angle";"torso";"neck";"tail";"frills [frill], arms [arm]";"";"0";""
"199";"slowking [galarian]";"forma";"cobblemon:slowking_galarian.geo";"Cobblemon";"bípedo";"cola";"head";"0 17.8 0";"base";"neck";"head_angle";"torso";"neck";"tail";"frills [frill], arms [arm]";"";"0";""
"200";"misdreavus";"base";"cobblemon:misdreavus.geo";"Cobblemon";"sin patas";"";"head";"0 8 -1";"base";"body";"head";"torso (al lado, 12 huesos)";"head";"";"";"";"0";""
"201";"unown";"base";"cobblemon:unown_a.geo";"Cobblemon";"sin cabeza";"";"";"";"";"";"";"";"";"";"";"";"0";""
"201";"unown [character-b]";"forma";"cobblemon:unown_b.geo";"Cobblemon";"sin cabeza";"";"";"";"";"";"";"";"";"";"";"";"0";""
"201";"unown [character-c]";"forma";"cobblemon:unown_c.geo";"Cobblemon";"sin cabeza";"";"";"";"";"";"";"";"";"";"";"";"0";""
"201";"unown [character-d]";"forma";"cobblemon:unown_d.geo";"Cobblemon";"sin cabeza";"";"";"";"";"";"";"";"";"";"";"";"0";""
"201";"unown [character-e]";"forma";"cobblemon:unown_e.geo";"Cobblemon";"sin cabeza";"";"";"";"";"";"";"";"";"";"";"";"0";""
"201";"unown [character-!]";"forma";"cobblemon:unown_exclamation.geo";"Cobblemon";"sin cabeza";"";"";"";"";"";"";"";"";"";"";"";"0";""
"201";"unown [character-f]";"forma";"cobblemon:unown_f.geo";"Cobblemon";"sin cabeza";"";"";"";"";"";"";"";"";"";"";"";"0";""
"201";"unown [character-g]";"forma";"cobblemon:unown_g.geo";"Cobblemon";"sin cabeza";"";"";"";"";"";"";"";"";"";"";"";"0";""
"201";"unown [character-h]";"forma";"cobblemon:unown_h.geo";"Cobblemon";"sin cabeza";"";"";"";"";"";"";"";"";"";"";"";"0";""
"201";"unown [character-i]";"forma";"cobblemon:unown_i.geo";"Cobblemon";"sin cabeza";"";"";"";"";"";"";"";"";"";"";"";"0";""
"201";"unown [character-j]";"forma";"cobblemon:unown_j.geo";"Cobblemon";"sin cabeza";"";"";"";"";"";"";"";"";"";"";"";"0";""
"201";"unown [character-k]";"forma";"cobblemon:unown_k.geo";"Cobblemon";"sin cabeza";"";"";"";"";"";"";"";"";"";"";"";"0";""
"201";"unown [character-l]";"forma";"cobblemon:unown_l.geo";"Cobblemon";"sin cabeza";"";"";"";"";"";"";"";"";"";"";"";"0";""
"201";"unown [character-m]";"forma";"cobblemon:unown_m.geo";"Cobblemon";"sin cabeza";"";"";"";"";"";"";"";"";"";"";"";"0";""
"201";"unown [character-n]";"forma";"cobblemon:unown_n.geo";"Cobblemon";"sin cabeza";"";"";"";"";"";"";"";"";"";"";"";"0";""
"201";"unown [character-o]";"forma";"cobblemon:unown_o.geo";"Cobblemon";"sin cabeza";"";"";"";"";"";"";"";"";"";"";"";"0";""
"201";"unown [character-p]";"forma";"cobblemon:unown_p.geo";"Cobblemon";"sin cabeza";"";"";"";"";"";"";"";"";"";"";"";"0";""
"201";"unown [character-q]";"forma";"cobblemon:unown_q.geo";"Cobblemon";"sin cabeza";"";"";"";"";"";"";"";"";"";"";"";"0";""
"201";"unown [character-?]";"forma";"cobblemon:unown_question.geo";"Cobblemon";"sin cabeza";"";"";"";"";"";"";"";"";"";"";"";"0";""
"201";"unown [character-r]";"forma";"cobblemon:unown_r.geo";"Cobblemon";"sin cabeza";"";"";"";"";"";"";"";"";"";"";"";"0";""
"201";"unown [character-s]";"forma";"cobblemon:unown_s.geo";"Cobblemon";"sin cabeza";"";"";"";"";"";"";"";"";"";"";"";"0";""
"201";"unown [character-t]";"forma";"cobblemon:unown_t.geo";"Cobblemon";"sin cabeza";"";"";"";"";"";"";"";"";"";"";"";"0";""
"201";"unown [character-u]";"forma";"cobblemon:unown_u.geo";"Cobblemon";"sin cabeza";"";"";"";"";"";"";"";"";"";"";"";"0";""
"201";"unown [character-v]";"forma";"cobblemon:unown_v.geo";"Cobblemon";"sin cabeza";"";"";"";"";"";"";"";"";"";"";"";"0";""
"201";"unown [character-w]";"forma";"cobblemon:unown_w.geo";"Cobblemon";"sin cabeza";"";"";"";"";"";"";"";"";"";"";"";"0";""
"201";"unown [character-x]";"forma";"cobblemon:unown_x.geo";"Cobblemon";"sin cabeza";"";"";"";"";"";"";"";"";"";"";"";"0";""
"201";"unown [character-y]";"forma";"cobblemon:unown_y.geo";"Cobblemon";"sin cabeza";"";"";"";"";"";"";"";"";"";"";"";"0";""
"201";"unown [character-z]";"forma";"cobblemon:unown_z.geo";"Cobblemon";"sin cabeza";"";"";"";"";"";"";"";"";"";"";"";"0";""
"202";"wobbuffet [female]";"forma";"cobblemon:wobbuffet_female.geo";"Cobblemon";"cuadrúpedo";"cola";"head";"0 12.5 -0.6";"base";"torso";"head";"torso";"head";"tail";"";"";"0";""
"202";"wobbuffet";"base";"cobblemon:wobbuffet_male.geo";"Cobblemon";"cuadrúpedo";"cola";"head";"0 12.5 -0.6";"base";"torso";"head";"torso";"head";"tail";"";"";"0";""
"203";"girafarig [female]";"forma";"cobblemon:girafarig_female.geo";"Cobblemon";"cuadrúpedo";"cola";"head";"0 25 -6";"base";"neck2";"head";"torso";"neck";"tail";"";"";"0";""
"203";"girafarig";"base";"cobblemon:girafarig_male.geo";"Cobblemon";"cuadrúpedo";"cola";"head";"0 25 -6";"base";"neck2";"head";"torso";"neck";"tail";"";"";"0";""
"204";"pineco";"base";"cobblemon:pineco.geo";"Cobblemon";"sin cabeza";"";"";"";"";"";"";"";"";"";"";"";"1";"posible cabeza: row1_scale1_left (lleva la cara)"
"205";"forretress";"base";"cobblemon:forretress.geo";"Cobblemon";"sin cabeza";"";"";"";"";"";"";"";"";"";"";"";"0";""
"206";"dunsparce";"base";"cobblemon:dunsparce.geo";"Cobblemon";"sin patas";"alas, cola";"head";"0 4 -4";"base";"neck";"head";"torso";"neck";"tail";"wing_left [wing], wing_right [wing]";"";"0";""
"207";"gligar";"base";"cobblemon:gligar.geo";"Cobblemon";"bípedo";"cola";"head";"0 10.5 0";"base";"torso";"head";"torso";"head";"tail_segment_1";"left_upper_arm [arm], right_upper_arm [arm], left_flying_membrane [membrane], right_flying_membrane [membrane]";"";"0";""
"208";"steelix [female]";"forma";"cobblemon:steelix_female.geo";"Cobblemon";"serpiente/pez";"cola (punta)";"head";"0 8.5 28.6";"base";"body";"jaw_top";"boulder2 (al lado, 11 huesos)";"head";"boulder8 (último segmento)";"";"";"0";""
"208";"steelix";"base";"cobblemon:steelix_male.geo";"Cobblemon";"serpiente/pez";"cola (punta)";"head";"0 8.5 28.6";"base";"body";"jaw_top";"boulder2 (al lado, 11 huesos)";"head";"boulder8 (último segmento)";"";"";"0";""
"209";"snubbull";"base";"cobblemon:snubbull.geo";"Cobblemon";"bípedo";"";"head";"0 9 0";"base";"upper_torso";"head";"torso";"head";"";"skirt [skirt], left_arm [arm], right_arm [arm]";"";"0";""
"210";"granbull";"base";"cobblemon:granbull.geo";"Cobblemon";"bípedo";"cola";"head";"0 26 -0.5";"base";"neck";"jaw_rotation";"torso";"neck";"tail";"left_arm_1 [arm], right_arm_1 [arm]";"";"0";""
"211";"qwilfish";"base";"cobblemon:qwilfish.geo";"Cobblemon";"sin cabeza";"";"";"";"";"";"";"";"";"";"";"";"0";""
"211";"qwilfish [hisuian]";"forma";"cobblemon:qwilfish_hisuian.geo";"Cobblemon";"sin cabeza";"";"";"";"";"";"";"";"";"";"";"";"0";""
"212";"scizor [female]";"forma";"cobblemon:scizor_female.geo";"Cobblemon";"bípedo";"alas";"head";"0 34 -0.5";"base";"head_pivot";"head";"abdomen";"neck";"";"left_shoulder_socket [arm], right_shoulder_socket [arm], left_wing [wing], right_wing [wing]";"";"0";""
"212";"scizor";"base";"cobblemon:scizor_male.geo";"Cobblemon";"bípedo";"alas";"head";"0 34 -0.5";"base";"head_pivot";"head";"abdomen";"neck";"";"left_shoulder_socket [arm], right_shoulder_socket [arm], left_wing [wing], right_wing [wing]";"";"0";""
"213";"shuckle";"base";"cobblemon:shuckle.geo";"Cobblemon";"sin patas";"";"head";"0 19.5 -7.8";"centro";"neck2";"head";"body";"neck1";"";"arm_right_front [arm], arm_left_front [arm], arm_left_back [arm], arm_right_back [arm]";"";"0";""
"214";"heracross [female]";"forma";"cobblemon:heracross_female.geo";"Cobblemon";"sin cabeza";"";"";"";"";"";"";"";"";"";"";"";"0";""
"214";"heracross";"base";"cobblemon:heracross_male.geo";"Cobblemon";"sin cabeza";"";"";"";"";"";"";"";"";"";"";"";"0";""
"215";"sneasel [female]";"forma";"cobblemon:sneasel_female.geo";"Cobblemon";"bípedo";"cola";"head";"0 14.6 0";"base";"torso2";"head_angle";"torso";"head";"tail";"arms [arm]";"";"0";""
"215";"sneasel [female,hisuian]";"forma";"cobblemon:sneasel_hisuian_female.geo";"Cobblemon";"bípedo";"cola";"head";"0 14.6 0";"base";"torso2";"head_angle";"torso";"head";"tail";"arms [arm]";"";"0";""
"215";"sneasel [hisuian]";"forma";"cobblemon:sneasel_hisuian_male.geo";"Cobblemon";"bípedo";"cola";"head";"0 14.6 0";"base";"torso2";"head_angle";"torso";"head";"tail";"arms [arm]";"";"0";""
"215";"sneasel";"base";"cobblemon:sneasel_male.geo";"Cobblemon";"bípedo";"cola";"head";"0 14.6 0";"base";"torso2";"head_angle";"torso";"head";"tail";"arms [arm]";"";"0";""
"216";"teddiursa";"base";"cobblemon:teddiursa.geo";"Cobblemon";"bípedo";"cola";"head";"0 8 0";"base";"chest";"head";"chest";"head";"tail";"arm_left [arm], arm_right [arm]";"";"0";""
"217";"ursaring";"base";"cobblemon:ursaring.geo";"Cobblemon";"bípedo";"cola";"head";"0 36.5 -1";"base";"chest";"head";"torso";"head";"tail";"shoulder_tufts_left [arm], shoulder_left [arm], shoulder_tufts_right [arm], shoulder_right [arm]";"";"0";""
"218";"slugma";"base";"cobblemon:slugma.geo";"Cobblemon";"sin patas";"";"head";"0 11 -4.5";"base";"neck";"head";"torso_front (al lado, 1 huesos)";"neck";"";"";"";"0";""
"218";"slugma [shiny]";"forma";"cobblemon:slugma_shiny.geo";"Cobblemon";"sin patas";"";"head";"0 11 -4.5";"base";"neck";"head";"torso_front (al lado, 1 huesos)";"neck";"";"";"";"0";""
"219";"magcargo";"base";"cobblemon:magcargo.geo";"Cobblemon";"sin patas";"";"head";"0 12 -7";"base";"neck";"head";"torso_front (al lado, 3 huesos)";"neck";"";"";"";"0";""
"220";"swinub";"base";"cobblemon:swinub.geo";"Cobblemon";"sin cabeza";"";"";"";"";"";"";"";"";"";"";"";"0";""
"221";"piloswine [female]";"forma";"cobblemon:piloswine_female.geo";"Cobblemon";"cuadrúpedo";"";"torso2";"0 18.8 -1";"base";"torso";"torso2";"torso";"torso2";"";"fur [fur]";"";"0";""
"221";"piloswine";"base";"cobblemon:piloswine_male.geo";"Cobblemon";"cuadrúpedo";"";"torso2";"0.5 18.8 -1";"base";"torso";"torso2";"torso";"torso2";"";"fur [fur]";"";"0";""
"222";"corsola";"base";"cobblemon:corsola.geo";"Cobblemon";"sin cabeza";"";"";"";"";"";"";"";"";"";"";"";"1";"posible cabeza por el nombre: head"
"222";"corsola [galarian]";"forma";"cobblemon:corsola_galarian.geo";"Cobblemon";"sin cabeza";"";"";"";"";"";"";"";"";"";"";"";"1";"posible cabeza por el nombre: head_angle, head_ai, head"
"223";"remoraid";"base";"cobblemon:remoraid.geo";"Cobblemon";"sin patas";"cola";"head";"0 3.5 -3";"base";"torso";"head";"torso";"head";"tail_top1, tail_bottom1";"fin_bottom [fin], fin_right [fin], fin_left [fin]";"";"0";""
"224";"octillery [female]";"forma";"cobblemon:octillery_female.geo";"Cobblemon";"sin patas";"";"head";"0 10 0";"base";"neck";"head";"body";"neck";"";"";"";"0";""
"224";"octillery";"base";"cobblemon:octillery_male.geo";"Cobblemon";"sin patas";"";"head";"0 10 0";"base";"neck";"head";"body";"neck";"";"";"";"0";""
"225";"delibird";"base";"cobblemon:delibird.geo";"Cobblemon";"bípedo";"cola";"head";"0.2 17.6 0";"base";"neck";"head";"torso";"neck";"tail";"beard [beard], arms [arm]";"";"0";""
"226";"mantine";"base";"cobblemon:mantine.geo";"Cobblemon";"sin cabeza";"";"";"";"";"";"";"";"";"";"";"";"0";""
"227";"skarmory";"base";"cobblemon:skarmory.geo";"Cobblemon";"bípedo";"alas, cola";"head";"0 30.5 -8";"base";"neck4";"head_angle";"torso";"neck";"tail";"wings [wing]";"";"0";""
"228";"houndour";"base";"cobblemon:houndour.geo";"Cobblemon";"cuadrúpedo";"cola";"head";"0 16.8 -3.8";"centro";"neck";"head_angle";"torso";"neck";"tail";"";"";"0";""
"229";"houndoom [female]";"forma";"cobblemon:houndoom_female.geo";"Cobblemon";"cuadrúpedo";"cola";"head";"0 29.5 -8.8";"centro";"neck";"head_angle";"torso2";"neck";"tail";"";"ornament [ornament]";"0";""
"229";"houndoom";"base";"cobblemon:houndoom_male.geo";"Cobblemon";"cuadrúpedo";"cola";"head";"0 29.5 -8.8";"centro";"neck";"head_angle";"torso2";"neck";"tail";"";"ornament [ornament]";"0";""
"230";"kingdra";"base";"cobblemon:kingdra.geo";"Cobblemon";"sin patas";"cola";"head";"0 35.5 -2.2";"base";"neck2";"head";"torso";"neck";"tail";"dorsal_fin [dorsal]";"";"0";""
"231";"phanpy";"base";"cobblemon:phanpy.geo";"Cobblemon";"cuadrúpedo";"cola";"head";"0 7.2 -2";"base";"head_pos";"head";"torso";"head";"tail";"";"";"0";""
"232";"donphan [female]";"forma";"cobblemon:donphan_female.geo";"Cobblemon";"cuadrúpedo";"cola";"head";"0 15.2 -11.8";"base";"torso_front";"head";"torso_front";"head";"tail";"";"";"0";""
"232";"donphan";"base";"cobblemon:donphan_male.geo";"Cobblemon";"cuadrúpedo";"cola";"head";"0 15.2 -11.8";"base";"torso_front";"head";"torso_front";"head";"tail";"";"";"0";""
"233";"porygon2";"base";"cobblemon:porygon2.geo";"Cobblemon";"bípedo";"cola";"head";"0 10 -3.5";"base";"neck";"head";"torso";"neck";"tail";"";"";"0";""
"234";"stantler";"base";"cobblemon:stantler.geo";"Cobblemon";"cuadrúpedo";"cola";"head";"0 18 -4.2";"base";"neck";"head";"torso";"neck";"tail";"";"";"0";""
"235";"smeargle";"base";"cobblemon:smeargle.geo";"Cobblemon";"bípedo";"cola";"head";"0 18 0";"base";"neck";"head";"torso";"neck";"tail";"arms [arm]";"";"0";""
"236";"tyrogue";"base";"cobblemon:tyrogue.geo";"Cobblemon";"bípedo";"";"head";"0 16 0";"base";"neck";"head";"torso";"neck";"";"arm_left [arm], arm_right [arm]";"";"0";""
"237";"hitmontop";"base";"cobblemon:hitmontop.geo";"Cobblemon";"bípedo";"cola";"head";"0 13 0";"base";"torso";"head";"torso";"head";"tail";"arm_left [arm], arm_right [arm]";"";"0";""
"238";"smoochum";"base";"cobblemon:smoochum.geo";"Cobblemon";"bípedo";"";"head";"0 9.5 0";"base";"torso2";"head_angle";"torso";"head";"";"arms [arm]";"";"0";""
"239";"elekid";"base";"cobblemon:elekid.geo";"Cobblemon";"todo cabeza";"";"torso";"0 3.1 0";"";"body";"torso";"";"torso";"";"";"";"0";""
"240";"magby";"base";"cobblemon:magby.geo";"Cobblemon";"bípedo";"cola";"head";"0 13.6 0";"centro";"neck";"head";"torso";"neck";"tail";"arm_right [arm], arm_left [arm]";"";"0";""
"241";"miltank";"base";"cobblemon:miltank.geo";"Cobblemon";"bípedo";"cola";"head";"0 20 2";"base";"neck";"head";"torso";"neck";"tail";"teat_right_top [teat], teat_right_bottom [teat], teat_left_top [teat], teat_left_bottom [teat], arm_left [arm], arm_right [arm]";"";"0";""
"241";"miltank [mooshtank-red] (+1)";"forma";"cobblemon:mooshtank.geo";"Cobblemon";"bípedo";"cola";"head";"0 20 2";"base";"neck";"head";"torso";"neck";"tail";"teat_right_top [teat], teat_right_bottom [teat], teat_left_top [teat], teat_left_bottom [teat], arm_left [arm], arm_right [arm]";"";"0";""
"242";"blissey";"base";"cobblemon:blissey.geo";"Cobblemon";"todo cabeza";"";"torso";"0 2 1";"";"body";"torso";"egg (al lado, 1 huesos)";"torso";"";"";"";"0";""
"243";"raikou";"base";"cobblemon:raikou.geo";"AllTheMons-R4.0";"cuadrúpedo";"cola";"head";"0 25 -14.5";"base";"neck";"face";"chest";"neck";"tail_base";"";"";"0";""
"244";"entei";"base";"cobblemon:entei.geo";"AllTheMons-R4.0";"cuadrúpedo";"";"head";"0 41 -11.5";"base";"neck2";"head";"uppert_torso";"neck";"";"spikes_left [spike], spikes_right [spike]";"";"0";""
"245";"suicune";"base";"cobblemon:suicune.geo";"AllTheMons-R4.0";"bípedo";"";"head";"0 38.3 -5.7";"base";"neck";"head";"chest";"neck";"";"left_arm [arm], right_arm [arm]";"hair [hair]";"0";""
"246";"larvitar";"base";"cobblemon:larvitar.geo";"Cobblemon";"bípedo";"cola";"head";"0 9 1";"base";"upper_body";"head";"upper_body";"head";"tail";"arm_right [arm], arm_left [arm]";"";"0";""
"247";"pupitar";"base";"cobblemon:pupitar.geo";"Cobblemon";"sin cabeza";"";"";"";"";"";"";"";"";"";"";"";"0";""
"248";"tyranitar";"base";"cobblemon:tyranitar.geo";"Cobblemon";"bípedo";"cola";"head";"-0.5 45.2 2.1";"base";"neck2";"head_rotation";"chest";"neck";"tail";"arms [arm], back_spike_right3 [spike], back_spike_left3 [spike]";"back_spike_right [spike], back_spike_left [spike], back_spike_right2 [spike], back_spike_left2 [spike]";"0";""
"249";"lugia";"base";"atm_remodels:lugia.geo";"AllTheMons-R4.0";"sin patas";"alas";"head";"0 141.1 12.5";"base";"bone12";"head";"torso";"neck";"";"wings [wing], wings_closed [wing]";"";"0";""
"249";"lugia [shadow]";"forma";"atm_remodels:lugia_shadow.geo";"AllTheMons-R4.0";"sin patas";"alas";"head";"0 141.1 12.5";"base";"bone12";"head";"torso";"neck";"";"wings [wing], wings_closed [wing]";"";"0";""
"250";"hooh";"base";"atm_remodels:hooh.geo";"AllTheMons-R4.0";"bípedo";"alas, cola";"head";"0 27.6 -30.8";"base";"neck3";"head";"torso";"neck";"tail";"fold_wing_left [fold], fold_wing_right [fold], wing_open_right [wing], wing_open_left [wing]";"";"0";""
"251";"celebi";"base";"cobblemon:celebi.geo";"AllTheMons-R4.0";"bípedo";"alas";"head";"-0.1 10 0.1";"base";"neck";"head";"body";"neck";"";"right_arm_1 [arm], left_arm_1 [arm], wings [wing]";"";"0";""
"252";"treecko";"base";"cobblemon:treecko.geo";"Cobblemon";"bípedo";"cola";"head";"0 14 -0.2";"base";"neck";"head_correction";"torso";"neck";"tail";"";"arm_right [arm], arm_left [arm]";"0";""
"253";"grovyle";"base";"cobblemon:grovyle.geo";"Cobblemon";"bípedo";"cola";"head";"0 27 -1";"base";"neck2";"head_correction";"torso";"neck";"tail_left, tail_right";"arm_left [arm], arm_right [arm]";"";"0";""
"254";"sceptile";"base";"cobblemon:sceptile.geo";"Cobblemon";"bípedo";"cola";"head";"0 32 -1.8";"base";"neck2";"head_correction";"torso";"neck";"tail";"bud_bottom_left [bud], bud_bottom_right [bud], shoulder_right [arm], shoulder_left [arm], bud_middle_left [bud], bud_middle_right [bud]";"bud_top_left [bud], bud_top_right [bud]";"0";""
"255";"torchic [female]";"forma";"cobblemon:torchic_female.geo";"Cobblemon";"cuadrúpedo";"cola";"head";"0 11 -0.2";"base";"torso";"head";"torso";"head";"tail";"fluff_front_right [fluff], fluff_front_right2 [fluff], fluff_front_left [fluff], fluff_front_left2 [fluff], fluff_right [fluff], fluff_right2 [fluff], fluff_left [fluff], fluff_left2 [fluff], fluff_back [fluff], fluff_back2 [fluff]";"";"0";""
"255";"torchic";"base";"cobblemon:torchic_male.geo";"Cobblemon";"cuadrúpedo";"cola";"head";"0 11 -0.2";"base";"torso";"head";"torso";"head";"tail";"fluff_front_right [fluff], fluff_front_right2 [fluff], fluff_front_left [fluff], fluff_front_left2 [fluff], fluff_right [fluff], fluff_right2 [fluff], fluff_left [fluff], fluff_left2 [fluff], fluff_back [fluff], fluff_back2 [fluff], genderdifference [genderdifference]";"";"0";""
"256";"combusken [female]";"forma";"cobblemon:combusken_female.geo";"Cobblemon";"bípedo";"cola";"head";"0 19.5 0";"base";"torso";"head";"torso";"head";"tail1";"fluff [fluff], arm_right [arm], arm_left [arm]";"";"0";""
"256";"combusken";"base";"cobblemon:combusken_male.geo";"Cobblemon";"bípedo";"cola";"head";"0 19.5 0";"base";"torso";"head";"torso";"head";"tail1";"fluff [fluff], arm_right [arm], arm_left [arm]";"";"0";""
"257";"blaziken [female]";"forma";"cobblemon:blaziken_female.geo";"Cobblemon";"bípedo";"cola";"head";"0 53.2 0.2";"base";"neck";"head";"waist";"neck";"tail1";"arm_left [arm], arm_right [arm]";"";"0";""
"257";"blaziken";"base";"cobblemon:blaziken_male.geo";"Cobblemon";"bípedo";"cola";"head";"0 53.2 0.2";"base";"neck";"head";"waist";"neck";"tail1";"arm_left [arm], arm_right [arm]";"";"0";""
"258";"mudkip";"base";"cobblemon:mudkip.geo";"Cobblemon";"cuadrúpedo";"cola";"head";"0 7.5 -3.2";"base";"torso";"head";"torso";"head";"tail";"";"";"0";""
"259";"marshtomp";"base";"cobblemon:marshtomp.geo";"Cobblemon";"bípedo";"cola";"head";"0 15 -0.2";"base";"neck";"head";"torso";"neck";"tail_fin_left, tail_fin_right";"arms [arm]";"";"0";""
"260";"swampert";"base";"cobblemon:swampert.geo";"Cobblemon";"bípedo";"cola";"head";"0 14.2 -14";"base";"neck";"head_angle";"torso";"neck";"tail_base";"arms [arm]";"";"0";""
"261";"poochyena";"base";"cobblemon:poochyena.geo";"Cobblemon";"bípedo";"cola";"head";"0 13.5 -5";"centro";"neck";"head";"torso";"neck";"tail";"shoulder_left [arm], shoulder_right [arm]";"";"0";""
"262";"mightyena";"base";"cobblemon:mightyena.geo";"Cobblemon";"bípedo";"cola";"head";"0 24.4 -8.4";"base";"neck2";"head";"chest";"neck";"tail";"arm_right [arm], arm_left [arm]";"";"0";""
"263";"zigzagoon";"base";"cobblemon:zigzagoon.geo";"Cobblemon";"cuadrúpedo";"cola";"head";"0 4.5 -6";"base";"torso";"head";"torso";"head";"tail";"";"";"0";""
"263";"zigzagoon [galarian]";"forma";"cobblemon:zigzagoon_galarian.geo";"Cobblemon";"cuadrúpedo";"cola";"head";"0 4.5 -6";"base";"torso";"head";"torso";"head";"tail";"";"";"0";""
"264";"linoone";"base";"cobblemon:linoone.geo";"Cobblemon";"cuadrúpedo";"cola";"head";"0 5.2 -7";"base";"torso";"head";"torso";"head";"tail";"";"";"0";""
"264";"linoone [galarian]";"forma";"cobblemon:linoone_galarian.geo";"Cobblemon";"cuadrúpedo";"cola";"head";"0 5.2 -7";"base";"torso";"head";"body";"head";"tail";"";"";"0";""
"265";"wurmple";"base";"cobblemon:wurmple.geo";"Cobblemon";"muchas patas";"cola";"head";"0.5 2 -11.5";"centro";"neck";"head_angle";"torso2";"neck";"tail";"spikes_back_top [spike], spike_back_middle_top [spike], spikes_back_left [spike], spikes_back_right [spike], spike_back_middle_left [spike], spike_back_middle_right [spike]";"spikes_front_left [spike], spikes_front_right [spike], arms [arm]";"0";""
"266";"silcoon";"base";"cobblemon:silcoon.geo";"Cobblemon";"todo cabeza";"";"torso";"0 1 0.5";"";"body";"torso";"";"torso";"";"spikes [spike]";"";"0";""
"267";"beautifly [female]";"forma";"cobblemon:beautifly_female.geo";"Cobblemon";"bípedo";"alas";"head";"0 7 0";"base";"torso";"head_angle";"torso";"head";"";"wings [wing], arms [arm]";"";"0";""
"267";"beautifly";"base";"cobblemon:beautifly_male.geo";"Cobblemon";"bípedo";"alas";"head";"0 7 0";"base";"torso";"head_angle";"torso";"head";"";"wings [wing], arms [arm]";"";"0";""
"268";"cascoon";"base";"cobblemon:cascoon.geo";"Cobblemon";"todo cabeza";"";"torso";"0 1 0";"";"body";"torso";"";"torso";"";"spikes [spike]";"";"0";""
"269";"dustox [female]";"forma";"cobblemon:dustox_female.geo";"Cobblemon";"sin patas";"alas";"head";"0 8 0";"base";"torso";"head_angle";"torso";"head";"";"wings [wing], skirt [skirt], arms [arm]";"";"0";""
"269";"dustox";"base";"cobblemon:dustox_male.geo";"Cobblemon";"sin patas";"alas";"head";"0 8 0";"base";"torso";"head_angle";"torso";"head";"";"wings [wing], skirt [skirt], arms [arm]";"";"0";""
"270";"lotad";"base";"cobblemon:lotad.geo";"Cobblemon";"sin cabeza";"";"";"";"";"";"";"";"";"";"";"";"0";""
"271";"lombre";"base";"cobblemon:lombre.geo";"Cobblemon";"bípedo";"";"head";"0 10 -0.5";"base";"torso";"head";"torso";"head";"";"arm_right [arm], arm_left [arm]";"";"0";""
"272";"ludicolo [female]";"forma";"cobblemon:ludicolo_female.geo";"Cobblemon";"sin cabeza";"";"";"";"";"";"";"";"";"tail";"";"";"0";""
"272";"ludicolo";"base";"cobblemon:ludicolo_male.geo";"Cobblemon";"sin cabeza";"";"";"";"";"";"";"";"";"tail";"";"";"0";""
"273";"seedot";"base";"cobblemon:seedot.geo";"Cobblemon";"todo cabeza";"";"torso";"0 3 0";"";"body";"torso";"";"torso";"";"";"";"0";""
"274";"nuzleaf [female]";"forma";"cobblemon:nuzleaf_female.geo";"Cobblemon";"bípedo";"";"head";"0 14 0";"base";"torso";"head_angle";"torso";"head";"";"arms [arm]";"";"0";""
"274";"nuzleaf";"base";"cobblemon:nuzleaf_male.geo";"Cobblemon";"bípedo";"";"head";"0 14 0";"base";"torso";"head_angle";"torso";"head";"";"arms [arm]";"";"0";""
"275";"shiftry [female]";"forma";"cobblemon:shiftry_female.geo";"Cobblemon";"bípedo";"";"head";"0 18.5 0";"base";"torso";"head";"torso";"head";"";"arms [arm]";"";"1";"cara fuera de la cabeza: mouth_closed, mouth_open"
"275";"shiftry";"base";"cobblemon:shiftry_male.geo";"Cobblemon";"bípedo";"";"head";"0 18.5 0";"base";"torso";"head_angle";"torso";"head";"";"arms [arm]";"";"1";"cara fuera de la cabeza: mouth_closed, mouth_open"
"276";"taillow";"base";"cobblemon:taillow.geo";"Cobblemon";"bípedo";"alas, cola";"head";"0 7.1 -1.3";"base";"neck";"head_angle";"torso";"neck";"taillow";"wings_closed [wing], wings_open [wing]";"";"0";""
"277";"swellow";"base";"cobblemon:swellow.geo";"Cobblemon";"bípedo";"alas, cola";"head";"0 11.9 -4.2";"base";"neck2";"head";"chest";"neck";"tail";"wings_open [wing], wings_closed [wing]";"";"0";""
"278";"wingull";"base";"cobblemon:wingull.geo";"Cobblemon";"sin cabeza";"";"";"";"";"";"";"";"";"tail";"";"";"0";""
"279";"pelipper";"base";"cobblemon:pelipper.geo";"Cobblemon";"bípedo";"alas, cola";"head";"0 13 0";"base";"torso";"head";"torso";"head";"tail";"wing_left [wing], wing_right [wing]";"";"0";""
"280";"ralts";"base";"cobblemon:ralts.geo";"Cobblemon";"bípedo";"";"head";"0 8.4 0";"base";"chest";"head";"chest";"head";"";"arms [arm]";"";"0";""
"281";"kirlia";"base";"cobblemon:kirlia.geo";"Cobblemon";"bípedo";"";"head";"0 15 -0.5";"base";"neck";"head";"torso";"neck";"";"skirt [skirt], arms [arm]";"";"0";""
"282";"gardevoir";"base";"cobblemon:gardevoir.geo";"Cobblemon";"bípedo";"";"head";"0 27.5 0";"base";"neck";"head";"chest";"neck";"";"skirt [skirt], arms [arm]";"";"0";""
"283";"surskit";"base";"cobblemon:surskit.geo";"Cobblemon";"cuadrúpedo";"";"head";"0 8 0";"base";"body";"head";"";"head";"";"";"";"1";"sin tronco (ningún hueso con cubos hasta la cabeza): sin adornos"
"284";"masquerain";"base";"cobblemon:masquerain.geo";"Cobblemon";"sin patas";"";"head";"0 6 -2";"base";"body";"head";"abdomen (al lado, 5 huesos)";"head";"";"";"";"0";""
"285";"shroomish";"base";"cobblemon:shroomish.geo";"Cobblemon";"sin cabeza";"";"";"";"";"";"";"";"";"";"";"";"0";""
"286";"breloom";"base";"cobblemon:breloom.geo";"Cobblemon";"bípedo";"cola";"head";"0 16.6 -0.2";"base";"neck";"head";"torso";"neck";"tail";"frills [frill], arm_left [arm], arm_right [arm]";"";"0";""
"287";"slakoth";"base";"cobblemon:slakoth.geo";"Cobblemon";"bípedo";"";"head";"0 2.5 -6";"centro";"upper_torso";"head";"torso";"head";"";"left_arm1 [arm], right_arm1 [arm], back_fur1 [fur], back_fur2 [fur]";"";"0";""
"288";"vigoroth";"base";"cobblemon:vigoroth.geo";"Cobblemon";"bípedo";"cola";"head";"0 23.4 -2.4";"base";"upper_torso";"head";"upper_torso";"head";"tail";"left_upper_arm [arm], right_upper_arm [arm]";"";"0";""
"289";"slaking";"base";"cobblemon:slaking.geo";"Cobblemon";"bípedo";"";"head";"0 34 -2";"base";"neck";"head_angle";"torso";"neck";"";"arms [arm]";"";"0";""
"290";"nincada";"base";"cobblemon:nincada.geo";"Cobblemon";"cuadrúpedo";"alas, cola";"head";"0 8 -3.5";"base";"torso";"head";"torso";"head";"tail";"wing_left [wing], wing_right [wing]";"";"0";""
"291";"ninjask";"base";"cobblemon:ninjask.geo";"Cobblemon";"sin patas";"alas, cola";"head";"0 9 -3.5";"base";"body_rotation";"head";"body_rotation";"head";"tail";"arms [arm], wings [wing]";"";"0";""
"292";"shedinja";"base";"cobblemon:shedinja.geo";"Cobblemon";"sin patas";"alas, cola";"head";"0 14.5 -1";"base";"main_body";"head";"main_body";"head";"tail";"halo [halo], limbs [limb], wings [wing]";"";"0";""
"293";"whismur";"base";"cobblemon:whismur.geo";"Cobblemon";"sin cabeza";"";"";"";"";"";"";"";"";"";"";"";"0";""
"294";"loudred";"base";"cobblemon:loudred.geo";"Cobblemon";"sin cabeza";"";"";"";"";"";"";"";"";"";"";"";"0";""
"295";"exploud";"base";"cobblemon:exploud.geo";"Cobblemon";"bípedo";"cola";"head";"0 30 5";"base";"neck";"head";"torso";"neck";"tail_left, tail_right";"arm_left [arm], arm_right [arm]";"hole [hole]";"0";""
"296";"makuhita";"base";"cobblemon:makuhita.geo";"Cobblemon";"bípedo";"";"head";"0 11 0";"base";"torso";"head";"torso";"head";"";"arm_left [arm], arm_right [arm]";"";"0";""
"297";"hariyama";"base";"cobblemon:hariyama.geo";"Cobblemon";"bípedo";"";"head";"0 25.8 -0.5";"base";"neck";"head";"torso";"neck";"";"arm_right [arm], arm_left [arm], skirt_front [skirt], skirt_back_left [skirt], skirt_back_right [skirt], skirt_front_left3 [skirt], skirt_front_right3 [skirt], skirt_back_right3 [skirt], skirt_back_left3 [skirt]";"";"0";""
"298";"azurill";"base";"cobblemon:azurill.geo";"Cobblemon";"bípedo";"cola";"torso2";"0 1.5 0";"base";"torso";"torso2";"";"torso2";"tail";"";"";"1";"sin tronco (ningún hueso con cubos hasta la cabeza): sin adornos"
"299";"nosepass";"base";"cobblemon:nosepass.geo";"Cobblemon";"sin cabeza";"";"";"";"";"";"";"";"";"";"";"";"0";""
"300";"skitty";"base";"cobblemon:skitty.geo";"Cobblemon";"cuadrúpedo";"cola";"head";"0 7 -1.4";"base";"neck";"head_angle";"torso";"neck";"tail";"";"scarf [scarf]";"0";""
"301";"delcatty";"base";"cobblemon:delcatty.geo";"AllTheMons-R4.0";"cuadrúpedo";"cola";"head";"0 14.8 -5";"base";"neck";"head";"body";"neck";"tail";"";"necklace [necklace]";"0";""
"302";"sableye";"base";"cobblemon:sableye.geo";"Cobblemon";"bípedo";"";"head";"0 14.8 0.5";"base";"neck";"head_angle";"chest";"neck";"";"gem [gem], arms [arm]";"";"0";""
"303";"mawile";"base";"cobblemon:mawile.geo";"Cobblemon";"bípedo";"";"head";"0 11.2 0";"lejos";"neck";"head_mouth";"torso";"neck";"";"arms [arm]";"";"1";"pivote de la cabeza lejos del cráneo (12 px)"
"304";"aron";"base";"cobblemon:aron.geo";"Cobblemon";"cuadrúpedo";"";"head";"0 7 -3.5";"base";"torso";"head";"torso";"head";"";"";"";"0";""
"305";"lairon";"base";"cobblemon:lairon.geo";"Cobblemon";"cuadrúpedo";"cola";"head";"0 10 -6";"base";"neck";"head";"torso";"neck";"tail";"";"";"0";""
"306";"aggron";"base";"cobblemon:aggron.geo";"Cobblemon";"bípedo";"cola";"head";"0 40 -2.5";"base";"neck";"head";"torso";"neck";"tail";"arm_left [arm], arm_right [arm]";"";"0";""
"307";"meditite [female]";"forma";"cobblemon:meditite_female.geo";"Cobblemon";"bípedo";"";"head";"0 14.3 0";"base";"torso";"head_angle";"torso";"head";"";"arms [arm]";"";"0";""
"307";"meditite";"base";"cobblemon:meditite_male.geo";"Cobblemon";"bípedo";"";"head";"0 14.3 0";"base";"torso";"head_angle";"torso";"head";"";"arms [arm]";"";"0";""
"308";"medicham [female]";"forma";"cobblemon:medicham_female.geo";"Cobblemon";"cuadrúpedo";"";"head";"0 25.5 0";"base";"neck";"head_angle";"torso";"neck";"";"arms [arm]";"";"0";""
"308";"medicham";"base";"cobblemon:medicham_male.geo";"Cobblemon";"cuadrúpedo";"";"head";"0 25.5 0";"base";"neck";"head_angle";"torso";"neck";"";"arms [arm]";"";"0";""
"309";"electrike";"base";"cobblemon:electrike.geo";"Cobblemon";"cuadrúpedo";"cola";"head";"0 7 -7";"base";"neck";"head_angle";"torso";"neck";"tail";"";"";"0";""
"310";"manectric";"base";"cobblemon:manectric.geo";"Cobblemon";"cuadrúpedo";"cola";"head";"0 22.6 -6.3";"base";"neck";"head_angle";"torso2";"neck";"tail";"";"";"0";""
"311";"plusle";"base";"cobblemon:plusle.geo";"Cobblemon";"bípedo";"cola";"head";"0 8 -0.8";"base";"torso";"head";"waist";"head";"tail";"arm_left [arm], arm_right [arm]";"";"0";""
"312";"minun";"base";"cobblemon:minun.geo";"Cobblemon";"bípedo";"cola";"head";"0 8 -0.8";"base";"torso";"head";"waist";"head";"tail";"arm_left_rotation [arm], arm_right_rotation [arm]";"";"0";""
"313";"volbeat";"base";"cobblemon:volbeat.geo";"Cobblemon";"bípedo";"alas";"head";"0 11.5 -1";"base";"torso";"head";"torso";"head";"";"left_wing [wing], right_wing [wing], left_shoulder_ring [arm], right_shoulder_ring [arm]";"";"0";""
"314";"illumise";"base";"cobblemon:illumise.geo";"Cobblemon";"bípedo";"alas";"head";"0 11.5 -0.5";"base";"torso";"head";"torso";"head";"";"left_wing [wing], right_wing [wing], left_shoulder_ring [arm], right_shoulder_ring [arm]";"";"0";""
"315";"roselia [female]";"forma";"cobblemon:roselia_female.geo";"Cobblemon";"bípedo";"";"head";"0 13.5 0";"base";"upper_torso";"head";"torso";"head";"";"leaf_bib [leaf], left_upper_arm [arm], right_upper_arm [arm], left_shoulder_leaf [arm], right_shoulder_leaf [arm]";"";"0";""
"315";"roselia";"base";"cobblemon:roselia_male.geo";"Cobblemon";"bípedo";"";"head";"0 13.5 0";"base";"upper_torso";"head";"torso";"head";"";"leaf_bib [leaf], left_upper_arm [arm], right_upper_arm [arm], left_shoulder_leaf [arm], right_shoulder_leaf [arm]";"";"0";""
"316";"gulpin";"base";"cobblemon:gulpin.geo";"AllTheMons-R4.0";"sin cabeza";"";"";"";"";"";"";"";"";"";"";"";"1";"posible cabeza por el nombre: head"
"317";"swalot";"base";"cobblemon:swalot.geo";"AllTheMons-R4.0";"patas: 1";"";"head";"0 22 0";"base";"torso_head";"head";"torso_head";"head";"";"";"";"0";""
"318";"carvanha";"base";"cobblemon:carvanha.geo";"Cobblemon";"serpiente/pez";"cola (punta)";"head";"0 11 1";"base";"torso";"head";"torso";"head";"tail2 (punta)";"bottom_fin [fin], fins [fin]";"";"0";""
"319";"sharpedo";"base";"cobblemon:sharpedo.geo";"Cobblemon";"sin patas";"cola";"head";"0 7.9 -4";"base";"body";"head";"body";"head";"tail";"fin_top [fin], fin_bottom [fin], gills_right [gill], gills_left [gill]";"";"1";"cara fuera de la cabeza: eye_right, eye_left"
"320";"wailmer";"base";"cobblemon:wailmer.geo";"Cobblemon";"sin patas";"";"head";"0 7 8";"base";"body";"head";"";"head";"";"";"";"1";"sin tronco (ningún hueso con cubos hasta la cabeza): sin adornos"
"321";"wailord";"base";"cobblemon:wailord.geo";"Cobblemon";"serpiente/pez";"cola";"head";"0 19 -9";"base";"torso";"head";"torso_middle (al lado, 12 huesos)";"head";"tail_base";"";"";"0";""
"322";"numel";"base";"cobblemon:numel.geo";"Cobblemon";"cuadrúpedo";"";"head";"0 7.5 -15.5";"base";"neck2";"head";"torso";"neck";"";"";"";"0";""
"323";"camerupt";"base";"cobblemon:camerupt.geo";"Cobblemon";"cuadrúpedo";"cola";"head";"0 16.5 -20.5";"base";"neck";"head";"torso";"neck";"tail";"volcano [volcano], volcano2 [volcano]";"";"0";""
"324";"torkoal";"base";"cobblemon:torkoal.geo";"Cobblemon";"cuadrúpedo";"cola";"head";"0 7.5 -20.9";"base";"neck2";"head";"torso";"neck";"tail";"";"";"0";""
"325";"spoink";"base";"atm_remodels:spoink.geo";"AllTheMons-R4.0";"sin cabeza";"";"";"";"";"";"";"";"";"tail_base";"";"";"0";""
"326";"grumpig";"base";"atm_remodels:grumpig.geo";"AllTheMons-R4.0";"bípedo";"cola";"head";"0 21 1";"base";"neck";"head";"body";"neck";"tail_base";"arm_r [arm], arm_l [arm]";"";"0";""
"327";"spinda";"base";"cobblemon:spinda.geo";"Cobblemon";"bípedo";"cola";"head";"0 12.8 0";"base";"neck";"head";"chest";"neck";"tail";"arms [arm]";"";"0";""
"328";"trapinch";"base";"cobblemon:trapinch.geo";"Cobblemon";"cuadrúpedo";"";"head";"0.5 8.3 -6.1";"base";"neck";"upper_head";"torso";"neck";"";"";"";"0";""
"329";"vibrava";"base";"cobblemon:vibrava.geo";"Cobblemon";"cuadrúpedo";"alas, cola";"head";"0 10 -7";"base";"torso";"head";"torso";"head";"tail";"wings [wing]";"";"0";""
"330";"flygon";"base";"cobblemon:flygon.geo";"Cobblemon";"bípedo";"alas, cola";"head";"0.2 41.8 2.2";"base";"neck3";"head_angle";"torso";"neck";"tail";"arms [arm], wings [wing]";"";"0";""
"331";"cacnea";"base";"cobblemon:cacnea.geo";"Cobblemon";"sin cabeza";"";"";"";"";"";"";"";"";"";"";"";"0";""
"332";"cacturne [female]";"forma";"cobblemon:cacturne_female.geo";"Cobblemon";"bípedo";"";"head";"0 18.2 0";"base";"neck";"head1";"torso";"neck";"";"arm_right [arm], arm_left [arm]";"";"0";""
"332";"cacturne";"base";"cobblemon:cacturne_male.geo";"Cobblemon";"bípedo";"";"head";"0 18.2 0";"base";"neck";"head1";"torso";"neck";"";"arm_right [arm], arm_left [arm]";"";"0";""
"333";"swablu";"base";"cobblemon:swablu.geo";"Cobblemon";"bípedo";"alas, cola";"head";"0 5 -2";"base";"torso";"head";"torso";"head";"tail";"wings [wing]";"";"0";""
"334";"altaria";"base";"cobblemon:altaria.geo";"Cobblemon";"bípedo";"alas, cola";"head";"0 23 -6";"base";"neck";"head";"torso";"neck";"tail";"wings [wing]";"";"0";""
"335";"zangoose";"base";"cobblemon:zangoose.geo";"AllTheMons-R4.0";"bípedo";"cola";"head";"0 17 0.5";"base";"neck";"head_ai";"torso";"neck";"tail";"fluff_shoulder_left [arm], fluff_shoulder_right [arm], arm_left [arm], arm_right [arm]";"";"0";""
"336";"seviper";"base";"cobblemon:seviper.geo";"AllTheMons-R4.0";"serpiente/pez";"cola (punta)";"head";"-0.4 44.2 0.5";"base";"neck3";"head";"neck";"neck3";"tail13 (punta)";"";"";"0";""
"337";"lunatone";"base";"cobblemon:lunatone.geo";"Cobblemon";"sin cabeza";"";"";"";"";"";"";"";"";"";"";"";"0";""
"338";"solrock";"base";"cobblemon:solrock.geo";"Cobblemon";"sin cabeza";"";"";"";"";"";"";"";"";"";"";"";"0";""
"339";"barboach";"base";"cobblemon:barboach.geo";"Cobblemon";"serpiente/pez";"cola (punta)";"head";"0 3 -8";"base";"torso";"head";"torso";"head";"tail4 (punta)";"";"";"0";""
"340";"whiscash";"base";"cobblemon:whiscash.geo";"Cobblemon";"sin cabeza";"";"";"";"";"";"";"";"";"tail";"";"";"0";""
"340";"whiscash [whiscash_nero] (+1)";"forma";"cobblemon:whiscash_nero.geo";"Cobblemon";"sin cabeza";"";"";"";"";"";"";"";"";"tail";"";"";"0";""
"341";"corphish";"base";"cobblemon:corphish.geo";"Cobblemon";"muchas patas";"cola";"head";"0 2.4 -9.6";"base";"neck";"head";"chest";"neck";"tail";"arms [arm]";"";"1";"cara fuera de la cabeza: mouth"
"342";"crawdaunt";"base";"cobblemon:crawdaunt.geo";"Cobblemon";"bípedo";"cola";"head";"0 23.4 -4.5";"base";"chest";"head";"chest";"head";"tail";"maxilliped_left [maxilliped], maxilliped_right [maxilliped], shoulder_left [arm], shoulder_right [arm]";"";"1";"cara fuera de la cabeza: mouth_open"
"343";"baltoy";"base";"cobblemon:baltoy.geo";"Cobblemon";"sin patas";"cola";"head";"0 11.2 0";"centro";"neck";"head";"body_pivot";"neck";"tail";"arms [arm]";"";"0";""
"344";"claydol";"base";"cobblemon:claydol.geo";"Cobblemon";"bípedo";"";"head";"0 15.5 0";"base";"neck";"head";"torso";"neck";"";"arms [arm]";"";"0";""
"345";"lileep";"base";"cobblemon:lileep.geo";"Cobblemon";"cuadrúpedo";"cola";"head";"0 5.5 0";"base";"neck5";"head";"torso";"neck";"tail";"";"";"0";""
"346";"cradily";"base";"cobblemon:cradily.geo";"Cobblemon";"cuadrúpedo";"cola";"head";"0.8 38.5 -1.8";"base";"neck7";"head";"torso";"neck_base";"tail";"";"";"0";""
"347";"anorith";"base";"cobblemon:anorith.geo";"Cobblemon";"serpiente/pez";"cola";"head";"0 2.2 -4.5";"base";"body";"head";"abdomen2 (al lado, 12 huesos)";"head";"tail";"";"";"0";""
"348";"armaldo";"base";"cobblemon:armaldo.geo";"Cobblemon";"bípedo";"cola";"head";"0.5 27.5 0.8";"base";"neck2";"head";"torso";"neck";"tail";"back_fin_left [fin], back_fin_right [fin], arm1_right [arm], arm1_left [arm]";"bottom_fins [fin], middle_fins [dle], top_fins [fin]";"0";""
"349";"feebas";"base";"cobblemon:feebas.geo";"Cobblemon";"sin cabeza";"";"";"";"";"";"";"";"";"tail2 (punta)";"";"";"1";"posible cabeza por el nombre: head_fin"
"350";"milotic [female]";"forma";"cobblemon:milotic_female.geo";"Cobblemon";"serpiente/pez";"cola (punta)";"head";"0 36.8 -1";"centro";"neck5";"head_angle";"neck";"neck5";"tail8 (punta)";"";"";"0";""
"350";"milotic";"base";"cobblemon:milotic_male.geo";"Cobblemon";"serpiente/pez";"cola (punta)";"head";"0 36.8 -1";"centro";"neck5";"head_angle";"neck";"neck5";"tail8 (punta)";"";"";"0";""
"352";"kecleon";"base";"cobblemon:kecleon.geo";"Cobblemon";"bípedo";"alas, cola";"head";"0 17.2 0";"base";"neck";"head_angle";"torso";"neck";"tail, tail_full";"left_upper_arm [arm], right_upper_arm [arm], right_wing [wing], left_wing [wing]";"";"0";""
"353";"shuppet";"base";"cobblemon:shuppet.geo";"Cobblemon";"sin patas";"";"head";"0 7 0";"base";"body";"head_angle";"";"head";"";"sheet [sheet]";"";"1";"sin tronco (ningún hueso con cubos hasta la cabeza): sin adornos"
"354";"banette";"base";"cobblemon:banette.geo";"Cobblemon";"bípedo";"cola";"head";"0 11.2 0";"base";"chest";"head_angle";"torso";"head";"tail";"arms [arm]";"";"0";""
"355";"duskull";"base";"cobblemon:duskull.geo";"Cobblemon";"sin patas";"cola";"head";"0 13.5 -6.5";"base";"body";"head";"body";"head";"tail";"arms [arm]";"";"0";""
"356";"dusclops";"base";"cobblemon:dusclops.geo";"Cobblemon";"sin cabeza";"";"";"";"";"";"";"";"";"";"";"";"0";""
"357";"tropius";"base";"cobblemon:tropius.geo";"Cobblemon";"cuadrúpedo";"alas";"head";"0 85.2 -6.8";"base";"neck5";"head";"torso";"neck";"";"wing_front_left [wing], wing_front_right [wing], wing_back_left [wing], wing_back_right [wing]";"";"0";""
"358";"chimecho";"base";"cobblemon:chimecho.geo";"Cobblemon";"sin patas";"";"head";"0 18 0";"base";"body";"head";"";"head";"";"ribbon1 [ribbon]";"";"1";"sin tronco (ningún hueso con cubos hasta la cabeza): sin adornos"
"359";"absol";"base";"cobblemon:absol.geo";"Cobblemon";"cuadrúpedo";"cola";"head";"0 28.5 -7.5";"centro";"neck";"head_angle";"chest";"neck";"tail";"";"fur [fur]";"0";""
"360";"wynaut";"base";"cobblemon:wynaut.geo";"Cobblemon";"bípedo";"cola";"head";"0 7.5 0";"base";"torso";"head";"torso";"head";"tail";"flap_front [flap], flap_right [flap], flap_left [flap], flap_back [flap]";"";"0";""
"361";"snorunt";"base";"cobblemon:snorunt.geo";"Cobblemon";"sin cabeza";"";"";"";"";"";"";"";"";"";"";"";"0";""
"362";"glalie";"base";"cobblemon:glalie.geo";"Cobblemon";"sin cabeza";"";"";"";"";"";"";"";"";"";"";"";"0";""
"363";"spheal";"base";"cobblemon:spheal.geo";"Cobblemon";"sin cabeza";"";"";"";"";"";"";"";"";"tail";"";"";"0";""
"364";"sealeo";"base";"cobblemon:sealeo.geo";"Cobblemon";"sin patas";"cola";"head";"0 12.3 -6";"centro";"neck";"head";"torso";"neck";"tail";"flipper_left [flipper], flipper_right [flipper]";"";"0";""
"365";"walrein";"base";"cobblemon:walrein.geo";"Cobblemon";"bípedo";"cola";"head";"-0.5 23.4 -7.4";"base";"neck2";"head";"chest";"neck";"tail";"flipper_left [flipper], flipper_right [flipper]";"";"0";""
"366";"clamperl";"base";"cobblemon:clamperl.geo";"Cobblemon";"sin patas";"";"head";"0 3.9 0";"base";"scallop_bottom";"head";"scallop_bottom";"head";"";"scallop_top [scallop], flesh [flesh]";"";"0";""
"367";"huntail";"base";"cobblemon:huntail.geo";"Cobblemon";"serpiente/pez";"cola (punta)";"head";"0 3.5 -11";"base";"body";"head";"tail2 (al lado, 5 huesos)";"head";"tail6 (punta)";"";"";"0";""
"368";"gorebyss";"base";"cobblemon:gorebyss.geo";"Cobblemon";"serpiente/pez";"cola (punta)";"head";"0 3.5 -10";"base";"body";"head";"tail (al lado, 5 huesos)";"head";"tail4 (punta)";"";"";"0";""
"369";"relicanth [female]";"forma";"cobblemon:relicanth_female.geo";"Cobblemon";"serpiente/pez";"cola (punta)";"head";"0 16.5 -8";"base";"body";"head";"body";"head";"tail2 (punta)";"fins [fin], fin_top [fin]";"";"0";""
"369";"relicanth";"base";"cobblemon:relicanth_male.geo";"Cobblemon";"serpiente/pez";"cola (punta)";"head";"0 16.5 -8";"base";"body";"head";"body";"head";"tail2 (punta)";"fins [fin], fin_top [fin]";"";"0";""
"370";"luvdisc";"base";"cobblemon:luvdisc.geo";"Cobblemon";"sin cabeza";"";"";"";"";"";"";"";"";"";"";"";"0";""
"371";"bagon";"base";"cobblemon:bagon.geo";"Cobblemon";"bípedo";"";"head";"0 12.2 0.2";"centro";"neck";"head";"torso";"neck";"";"arms [arm]";"";"0";""
"372";"shelgon";"base";"cobblemon:shelgon.geo";"Cobblemon";"sin cabeza";"";"";"";"";"";"";"";"";"";"";"";"1";"posible cabeza: inside (lleva la cara)"
"373";"salamence";"base";"cobblemon:salamence.geo";"Cobblemon";"cuadrúpedo";"alas, cola";"head";"0 18.8 -39";"centro";"neck3";"head_rotation";"waist";"neck";"tail";"wings [wing]";"";"0";""
"374";"beldum";"base";"cobblemon:beldum.geo";"Cobblemon";"sin patas";"";"head";"0.1 7.8 -4.6";"centro";"neck";"head";"torso";"neck";"";"upper_metal [metal]";"";"0";""
"375";"metang";"base";"cobblemon:metang.geo";"Cobblemon";"sin cabeza";"";"";"";"";"";"";"";"";"";"";"";"0";""
"376";"metagross";"base";"cobblemon:metagross.geo";"Cobblemon";"cuadrúpedo";"";"torso";"-0.5 18 0";"base";"body2";"torso";"";"torso";"";"";"";"1";"sin tronco (ningún hueso con cubos hasta la cabeza): sin adornos"
"377";"regirock";"base";"cobblemon:regirock.geo";"Cobblemon";"bípedo";"cola";"head";"0 36 0";"base";"torso";"head";"torso";"head";"tail";"arms [arm], spikes [spike]";"";"0";""
"378";"regice";"base";"cobblemon:regice.geo";"Cobblemon";"sin cabeza";"";"";"";"";"";"";"";"";"";"";"";"0";""
"379";"registeel";"base";"cobblemon:registeel.geo";"Cobblemon";"sin cabeza";"";"";"";"";"";"";"";"";"";"";"";"0";""
"380";"latias";"base";"cobblemon:latias.geo";"Cobblemon";"sin patas";"alas, cola";"head";"0 17.5 -26";"centro";"neck2";"head";"body";"neck";"tail";"wings [wing], arms [arm]";"";"0";""
"381";"latios";"base";"cobblemon:latios.geo";"Cobblemon";"sin patas";"alas, cola";"head";"0 17.2 -27";"centro";"neck2";"head";"body";"neck";"tail_wing_left, tail_wing_right";"wings [wing], arms [arm]";"";"0";""
"382";"kyogre";"base";"cobblemon:kyogre.geo";"AllTheMons-R4.0";"sin patas";"cola";"head";"0 14.2 -47.7";"base";"body_font";"head";"worm";"head";"tail";"fin_right [fin], fin_left [fin], fin_upper_left [fin], fin_upper_right [fin], fin_down_left [fin], fin_down_right [fin]";"";"0";""
"382";"kyogre [primal]";"forma";"cobblemon:kyogreprimal.geo";"AllTheMons-R4.0";"sin patas";"cola";"head";"0 13.2 -42.7";"base";"body_font";"head";"torso";"head";"tail";"fin_right [fin], fin_left [fin], fin_upper_left [fin], fin_upper_right [fin], fin_down_left [fin], fin_down_right [fin]";"";"0";""
"383";"groudon";"base";"cobblemon:groudon.geo";"AllTheMons-R4.0";"bípedo";"cola";"head";"0 82.3 -43.5";"base";"neck";"head";"tophalf";"lowernecc";"tail";"leftspike4 [spike]";"leftspike3 [spike], leftspike2 [spike]";"0";""
"383";"groudon [primal]";"forma";"cobblemon:groudonprimal.geo";"AllTheMons-R4.0";"bípedo";"cola";"head";"0 83.7 -44.5";"base";"neck";"head";"tophalf";"lowernecc";"tail";"leftspike4 [spike]";"leftspike3 [spike], leftspike2 [spike]";"0";""
"384";"rayquaza [mega]";"forma";"atm_remodels:megarayquaza.geo";"AllTheMons-R4.0";"serpiente/pez";"";"head";"-0.8 16.2 -115.8";"base";"neck2";"head";"neck";"neck2";"";"";"";"0";""
"384";"rayquaza";"base";"atm_remodels:rayquaza2.geo";"AllTheMons-R4.0";"serpiente/pez";"cola (punta)";"head";"0 45.7 -155.4";"base";"bodyseg1";"head";"bodyseg6 (al lado, 14 huesos)";"head";"tip (último segmento)";"";"";"0";""
"385";"jirachi";"base";"cobblemon:jirachi.geo";"AllTheMons-R4.0";"bípedo";"";"head";"0 11.9 0";"base";"torso";"head";"torso";"head";"";"";"";"1";"cara fuera de la cabeza: eye_open, eye_close"
"386";"deoxys";"base";"cobblemon:deoxys.geo";"AllTheMons-R4.0";"bípedo";"";"head";"0 53.8 2.4";"base";"body";"head";"body";"head";"";"collar [collar], left_arm [arm], right_arm [arm]";"";"0";""
"386";"deoxys [attack-forme]";"forma";"cobblemon:deoxysattack.geo";"AllTheMons-R4.0";"bípedo";"";"head";"0 55.8 1.4";"centro";"body";"head";"body";"head";"";"collar [collar], left_arm [arm], right_arm [arm]";"";"0";""
"386";"deoxys [defense-forme]";"forma";"cobblemon:deoxysdefense.geo";"AllTheMons-R4.0";"bípedo";"";"head";"0 54.8 0.5";"centro";"body";"head";"body";"head";"";"Left_arm [arm], Right_arm [arm]";"";"0";""
"386";"deoxys [speed-forme]";"forma";"cobblemon:deoxysspeed.geo";"AllTheMons-R4.0";"cuadrúpedo";"";"head";"0 54.8 2.2";"base";"body";"head";"body";"head";"";"collar [collar], left_arm [arm], right_arm [arm]";"";"0";""
"387";"turtwig";"base";"cobblemon:turtwig.geo";"Cobblemon";"cuadrúpedo";"cola";"head";"0 7.2 -1.8";"base";"torso";"head";"torso";"head";"tail";"";"";"0";""
"388";"grotle";"base";"cobblemon:grotle.geo";"Cobblemon";"cuadrúpedo";"cola";"head";"0 10 -8";"base";"torso";"head";"torso";"head";"tail";"bush_left [bush], bush_right [bush]";"";"0";""
"389";"torterra";"base";"cobblemon:torterra.geo";"Cobblemon";"cuadrúpedo";"cola";"head";"0 12.5 -16";"base";"torso";"head";"torso";"head";"tail";"tree [tree], spike3 [spike], spike2 [spike], spike [spike]";"";"0";""
"389";"torterra [tree-acacia]";"forma";"cobblemon:torterra_acacia.geo";"Cobblemon";"cuadrúpedo";"cola";"head";"0 12.5 -16";"base";"torso";"head";"torso";"head";"tail";"tree [tree], spike3 [spike], spike2 [spike], spike [spike]";"";"0";""
"389";"torterra [tree-azalea]";"forma";"cobblemon:torterra_azalea.geo";"Cobblemon";"cuadrúpedo";"cola";"head";"0 12.5 -16";"base";"torso";"head";"torso";"head";"tail";"tree [tree], spike3 [spike], spike2 [spike], spike [spike]";"";"0";""
"389";"torterra [tree-birch]";"forma";"cobblemon:torterra_birch.geo";"Cobblemon";"cuadrúpedo";"cola";"head";"0 12.5 -16";"base";"torso";"head";"torso";"head";"tail";"tree [tree], spike3 [spike], spike2 [spike], spike [spike]";"";"0";""
"389";"torterra [tree-cherry]";"forma";"cobblemon:torterra_cherry.geo";"Cobblemon";"cuadrúpedo";"cola";"head";"0 12.5 -16";"base";"torso";"head";"torso";"head";"tail";"tree [tree], spike3 [spike], spike2 [spike], spike [spike]";"";"0";""
"389";"torterra [tree-darkoak]";"forma";"cobblemon:torterra_darkoak.geo";"Cobblemon";"cuadrúpedo";"cola";"head";"0 12.5 -16";"base";"torso";"head";"torso";"head";"tail";"tree [tree], spike3 [spike], spike2 [spike], spike [spike]";"";"0";""
"389";"torterra [tree-jungle]";"forma";"cobblemon:torterra_jungle.geo";"Cobblemon";"cuadrúpedo";"cola";"head";"0 12.5 -16";"base";"torso";"head";"torso";"head";"tail";"tree [tree], spike3 [spike], spike2 [spike], spike [spike]";"";"0";""
"389";"torterra [tree-mangrove]";"forma";"cobblemon:torterra_mangrove.geo";"Cobblemon";"cuadrúpedo";"cola";"head";"0 12.5 -16";"base";"torso";"head";"torso";"head";"tail";"tree [tree], spike3 [spike], spike2 [spike], spike [spike]";"";"0";""
"389";"torterra [tree-oak]";"forma";"cobblemon:torterra_oak.geo";"Cobblemon";"cuadrúpedo";"cola";"head";"0 12.5 -16";"base";"torso";"head";"torso";"head";"tail";"tree [tree], spike3 [spike], spike2 [spike], spike [spike]";"";"0";""
"389";"torterra [tree-spruce]";"forma";"cobblemon:torterra_spruce.geo";"Cobblemon";"cuadrúpedo";"cola";"head";"0 12.5 -16";"base";"torso";"head";"torso";"head";"tail";"tree [tree], spike3 [spike], spike2 [spike], spike [spike]";"";"0";""
"389";"torterra [tree-swamp]";"forma";"cobblemon:torterra_swamp.geo";"Cobblemon";"cuadrúpedo";"cola";"head";"0 12.5 -16";"base";"torso";"head";"torso";"head";"tail";"tree [tree], spike3 [spike], spike2 [spike], spike [spike]";"";"0";""
"390";"chimchar";"base";"cobblemon:chimchar.geo";"Cobblemon";"bípedo";"cola";"head";"0 12.8 0.4";"base";"torso_top";"head";"torso_bottom";"head";"tail";"arm_right [arm], arm_left [arm]";"";"0";""
"391";"monferno";"base";"cobblemon:monferno.geo";"Cobblemon";"bípedo";"cola";"head";"0 18.9 0.2";"base";"neck";"head";"torso_bottom";"neck";"tail";"arm_right [arm], arm_left [arm]";"";"0";""
"392";"infernape";"base";"cobblemon:infernape.geo";"Cobblemon";"bípedo";"cola";"head";"0 38.2 0";"base";"neck";"head_angle";"chest";"neck";"tail";"arm_right [arm], arm_left [arm]";"";"0";""
"393";"piplup";"base";"cobblemon:piplup.geo";"Cobblemon";"bípedo";"alas";"head";"0 9 0";"base";"torso";"head";"torso";"head";"";"wing_left [wing], wing_right [wing], front_cape [cape], back_cape [cape]";"";"0";""
"394";"prinplup";"base";"cobblemon:prinplup.geo";"Cobblemon";"bípedo";"cola";"head";"0 18.2 -0.5";"base";"neck";"head";"torso";"neck";"tail";"arms [arm]";"";"0";""
"395";"empoleon";"base";"cobblemon:empoleon.geo";"Cobblemon";"bípedo";"cola";"head";"0 36 0.8";"centro";"chest";"head";"torso";"head";"tail";"arms [arm]";"";"0";""
"396";"starly [female]";"forma";"cobblemon:starly_female.geo";"Cobblemon";"bípedo";"alas, cola";"head";"0 8 -2.5";"centro";"head_ai";"head";"torso";"neck";"tail";"wings_closed [wing], wings_open [wing]";"";"0";""
"396";"starly";"base";"cobblemon:starly_male.geo";"Cobblemon";"bípedo";"alas, cola";"head";"0 8 -2.5";"centro";"head_ai";"head";"torso";"neck";"tail";"wings_closed [wing], wings_open [wing]";"";"0";""
"397";"staravia [female]";"forma";"cobblemon:staravia_female.geo";"Cobblemon";"bípedo";"alas, cola";"head";"0 12.2 -4";"centro";"head_ai";"head";"torso";"neck";"tail";"closed_wings [wing], open_wings [wing]";"";"0";""
"397";"staravia";"base";"cobblemon:staravia_male.geo";"Cobblemon";"bípedo";"alas, cola";"head";"0 12.2 -4";"centro";"head_ai";"head";"torso";"neck";"tail";"closed_wings [wing], open_wings [wing]";"";"0";""
"398";"staraptor [female]";"forma";"cobblemon:staraptor_female.geo";"Cobblemon";"bípedo";"alas, cola";"head";"0 16.3 -6.5";"centro";"neck";"head";"torso";"neck";"tail";"wings_open [wing], wings_closed [wing]";"";"0";""
"398";"staraptor";"base";"cobblemon:staraptor_male.geo";"Cobblemon";"bípedo";"alas, cola";"head";"0 16.3 -6.5";"centro";"neck";"head";"torso";"neck";"tail";"wings_open [wing], wings_closed [wing]";"";"0";""
"399";"bidoof [female]";"forma";"cobblemon:bidoof_female.geo";"Cobblemon";"cuadrúpedo";"cola";"head";"0 6.8 -3.5";"base";"torso2";"head_angle";"torso";"head";"tail";"";"";"0";""
"399";"bidoof";"base";"cobblemon:bidoof_male.geo";"Cobblemon";"cuadrúpedo";"cola";"head";"0 6.8 -3.5";"base";"torso2";"head_angle";"torso";"head";"tail";"";"";"0";""
"400";"bibarel [female]";"forma";"cobblemon:bibarel_female.geo";"Cobblemon";"cuadrúpedo";"cola";"head";"0 12 -7";"base";"torso";"head";"torso";"head";"tail";"";"";"0";""
"400";"bibarel";"base";"cobblemon:bibarel_male.geo";"Cobblemon";"cuadrúpedo";"cola";"head";"0 12 -7";"base";"torso";"head";"torso";"head";"tail";"";"";"0";""
"401";"kricketot [female]";"forma";"cobblemon:kricketot_female.geo";"Cobblemon";"bípedo";"";"head";"0 7 0";"base";"torso";"head";"torso";"head";"";"";"";"0";""
"401";"kricketot";"base";"cobblemon:kricketot_male.geo";"Cobblemon";"bípedo";"";"head";"0 7 0";"base";"torso";"head";"torso";"head";"";"";"";"0";""
"402";"kricketune [female]";"forma";"cobblemon:kricketune_female.geo";"Cobblemon";"bípedo";"alas";"head";"0 18 0";"base";"neck";"head";"torso";"neck";"";"wing_left [wing], wing_right [wing], arm_left [arm], arm_right [arm]";"";"0";""
"402";"kricketune";"base";"cobblemon:kricketune_male.geo";"Cobblemon";"bípedo";"alas";"head";"0 18 0";"base";"neck";"head";"torso";"neck";"";"wing_left [wing], wing_right [wing], arm_left [arm], arm_right [arm]";"";"0";""
"403";"shinx [female]";"forma";"cobblemon:shinx_female.geo";"Cobblemon";"cuadrúpedo";"cola";"head";"0 9.2 -2.8";"base";"neck";"head";"torso";"neck";"tail";"";"";"0";""
"403";"shinx";"base";"cobblemon:shinx_male.geo";"Cobblemon";"cuadrúpedo";"cola";"head";"0 9.2 -2.8";"base";"neck";"head";"torso";"neck";"tail";"";"";"0";""
"404";"luxio [female]";"forma";"cobblemon:luxio_female.geo";"Cobblemon";"cuadrúpedo";"cola";"head";"-6 10.8 -3.8";"base";"neck";"head";"torso";"neck";"tail, tail_fluff_top, tail_fluff_bottom";"";"";"0";""
"404";"luxio";"base";"cobblemon:luxio_male.geo";"Cobblemon";"cuadrúpedo";"cola";"head";"-6 10.8 -3.8";"base";"neck";"head";"torso";"neck";"tail, tail_fluff_top, tail_fluff_bottom";"";"";"0";""
"405";"luxray [female]";"forma";"cobblemon:luxray_female.geo";"Cobblemon";"cuadrúpedo";"cola";"head";"0 18.5 -5.2";"base";"neck";"head";"torso";"neck";"tail_1, tail_fluff, tail_fluff_bottom_left, tail_fluff_bottom_right, tail_fluff_top_left, tail_fluff_top_right";"";"";"0";""
"405";"luxray";"base";"cobblemon:luxray_male.geo";"Cobblemon";"cuadrúpedo";"cola";"head";"0 18.5 -5.2";"base";"neck";"head";"torso";"neck";"tail_1, tail_fluff, tail_fluff_bottom_left, tail_fluff_bottom_right, tail_fluff_top_left, tail_fluff_top_right";"";"";"0";""
"406";"budew";"base";"cobblemon:budew.geo";"Cobblemon";"todo cabeza";"";"torshead";"0 1.5 0";"";"body";"torshead";"";"torshead";"";"";"";"0";""
"407";"roserade [female]";"forma";"cobblemon:roserade_female.geo";"Cobblemon";"bípedo";"";"head";"0 18.5 0";"base";"neck";"head_angle";"torso";"neck";"";"left_upper_arm [arm], right_upper_arm [arm], cape [cape]";"";"0";""
"407";"roserade";"base";"cobblemon:roserade_male.geo";"Cobblemon";"bípedo";"";"head";"0 18.5 0";"base";"neck";"head_angle";"torso";"neck";"";"left_upper_arm [arm], right_upper_arm [arm], cape [cape]";"";"0";""
"408";"cranidos";"base";"cobblemon:cranidos.geo";"Cobblemon";"bípedo";"cola";"head";"0 11.2 -5.4";"base";"neck";"head_angle";"torso";"neck";"tail";"arms [arm]";"";"0";""
"409";"rampardos";"base";"cobblemon:rampardos.geo";"Cobblemon";"bípedo";"cola";"head";"0 37.2 0.8";"base";"neck2";"head";"torso";"neck1";"tail";"left_arm [arm], right_arm [arm]";"left_side_spike [spike], right_side_spike [spike]";"0";""
"410";"shieldon";"base";"cobblemon:shieldon.geo";"Cobblemon";"cuadrúpedo";"cola";"head";"0 8 -4.5";"base";"front_torso";"head";"torso";"head";"tail_1";"collar [collar]";"";"0";""
"411";"bastiodon";"base";"cobblemon:bastiodon.geo";"Cobblemon";"cuadrúpedo";"cola";"head";"0 14.5 -10";"base";"torso";"head";"torso";"head";"tail";"back_spikes [spike], saddle [saddle]";"";"0";""
"412";"burmy";"base";"cobblemon:burmy.geo";"AllTheMons-R4.0";"sin cabeza";"";"";"";"";"";"";"";"";"";"";"";"0";""
"412";"burmy [sandy-cloak]";"forma";"cobblemon:burmy_sandy.geo";"AllTheMons-R4.0";"sin cabeza";"";"";"";"";"";"";"";"";"";"";"";"0";""
"412";"burmy [trash-cloak]";"forma";"cobblemon:burmy_trash.geo";"AllTheMons-R4.0";"sin cabeza";"";"";"";"";"";"";"";"";"";"";"";"0";""
"413";"wormadam";"base";"cobblemon:wormadam.geo";"AllTheMons-R4.0";"sin cabeza";"";"";"";"";"";"";"";"";"";"";"";"0";""
"413";"wormadam [sandy-cloak]";"forma";"cobblemon:wormadam_sandy.geo";"AllTheMons-R4.0";"sin cabeza";"";"";"";"";"";"";"";"";"";"";"";"0";""
"413";"wormadam [trash-cloak]";"forma";"cobblemon:wormadam_trash.geo";"AllTheMons-R4.0";"sin cabeza";"";"";"";"";"";"";"";"";"";"";"";"0";""
"414";"mothim";"base";"cobblemon:mothim.geo";"AllTheMons-R4.0";"sin patas";"alas";"head";"0 15 0.8";"base";"neck";"head";"torso";"neck";"";"wings [wing]";"";"0";""
"415";"combee [female] (+1)";"forma";"cobblemon:combee_female.geo";"Cobblemon";"sin cabeza";"";"";"";"";"";"";"";"";"";"";"";"1";"posible cabeza: bee_right (lleva la cara)"
"415";"combee";"base";"cobblemon:combee_male.geo";"Cobblemon";"sin cabeza";"";"";"";"";"";"";"";"";"";"";"";"1";"posible cabeza: bee_right (lleva la cara)"
"416";"vespiquen";"base";"cobblemon:vespiquen.geo";"Cobblemon";"sin cabeza";"";"";"";"";"";"";"";"";"";"";"";"1";"posible cabeza: body (lleva la cara)"
"417";"pachirisu [female]";"forma";"cobblemon:pachirisu_female.geo";"Cobblemon";"bípedo";"cola";"head";"0 8 -2.5";"base";"torso";"head";"waist";"head";"tail";"arm_left [arm], arm_right [arm]";"";"0";""
"417";"pachirisu";"base";"cobblemon:pachirisu_male.geo";"Cobblemon";"bípedo";"cola";"head";"0 8 -2.5";"base";"torso";"head";"waist";"head";"tail";"arm_left [arm], arm_right [arm]";"";"0";""
"418";"buizel [female]";"forma";"cobblemon:buizel_female.geo";"Cobblemon";"bípedo";"cola";"head";"0 19 0";"centro";"neck";"head";"torso";"neck";"tail_rotation";"arms [arm]";"";"0";""
"418";"buizel";"base";"cobblemon:buizel_male.geo";"Cobblemon";"bípedo";"cola";"head";"0 19 0";"centro";"neck";"head";"torso";"neck";"tail_rotation";"arms [arm]";"";"0";""
"419";"floatzel [female]";"forma";"cobblemon:floatzel_female.geo";"Cobblemon";"bípedo";"cola";"head";"0 23.5 0";"centro";"neck";"head";"torso";"neck";"tail";"arms [arm]";"floatie [floatie]";"0";""
"419";"floatzel";"base";"cobblemon:floatzel_male.geo";"Cobblemon";"bípedo";"cola";"head";"0 23.5 0";"centro";"neck";"head";"torso";"neck";"tail";"arms [arm]";"floatie [floatie]";"0";""
"420";"cherubi";"base";"cobblemon:cherubi.geo";"Cobblemon";"todo cabeza";"";"torso";"0 2 0";"";"body";"torso";"";"torso";"";"";"";"0";""
"421";"cherrim";"base";"cobblemon:cherrim_overcast.geo";"Cobblemon";"todo cabeza";"";"torso";"0 2 0";"";"body";"torso";"";"torso";"";"";"";"0";""
"421";"cherrim [sunshine-form]";"forma";"cobblemon:cherrim_sunshine.geo";"Cobblemon";"bípedo";"";"head";"0 5.5 0";"base";"torso";"head_angle";"torso";"head";"";"arms [arm], dress [dres]";"";"0";""
"422";"shellos [east-sea]";"forma";"cobblemon:shellos_east.geo";"Cobblemon";"cuadrúpedo";"alas, cola";"head";"0 11.5 -3.5";"base";"neck";"head";"torso";"neck";"tail";"wings [wing]";"";"0";""
"422";"shellos";"base";"cobblemon:shellos_west.geo";"Cobblemon";"cuadrúpedo";"cola";"head";"0 11.5 -3.5";"base";"neck";"head";"torso";"neck";"tail";"";"";"0";""
"423";"gastrodon [east-sea]";"forma";"cobblemon:gastrodon_east.geo";"Cobblemon";"muchas patas";"alas, cola";"head";"0 22 -7.8";"base";"neck";"head_rotation";"torso";"neck";"tail";"wings [wing]";"";"0";""
"423";"gastrodon";"base";"cobblemon:gastrodon_west.geo";"Cobblemon";"muchas patas";"cola";"head";"0 22 -7.8";"base";"neck";"head_rotation";"torso";"neck";"tail";"bump [bump]";"";"0";""
"424";"ambipom [female]";"forma";"cobblemon:ambipom_female.geo";"Cobblemon";"bípedo";"cola";"head";"0 22 -0.5";"base";"neck";"head_angle";"torso";"neck";"tail_rotation";"left_upper_arm [arm], right_upper_arm [arm]";"";"0";""
"424";"ambipom";"base";"cobblemon:ambipom_male.geo";"Cobblemon";"bípedo";"cola";"head";"0 22 -0.5";"base";"neck";"head_angle";"torso";"neck";"tail_rotation";"left_upper_arm [arm], right_upper_arm [arm]";"";"0";""
"425";"drifloon";"base";"cobblemon:drifloon.geo";"Cobblemon";"sin cabeza";"";"";"";"";"";"";"";"";"";"";"";"1";"posible cabeza por el nombre: head_scale"
"426";"drifblim";"base";"cobblemon:drifblim.geo";"Cobblemon";"sin cabeza";"";"";"";"";"";"";"";"";"";"";"";"1";"posible cabeza por el nombre: head_scale, head_rotation"
"427";"buneary";"base";"cobblemon:buneary.geo";"Cobblemon";"bípedo";"cola";"head";"0 11.8 -0.2";"base";"torso";"head_angle";"ruff";"head";"tail";"arms [arm]";"";"0";""
"428";"lopunny";"base";"cobblemon:lopunny.geo";"Cobblemon";"bípedo";"cola";"head";"0 30.8 0.5";"base";"neck";"head_angle";"torso";"neck";"tail";"arms [arm]";"";"0";""
"429";"mismagius";"base";"cobblemon:mismagius.geo";"Cobblemon";"sin patas";"";"head";"0 23 0";"base";"neck";"head";"neck";"head";"";"";"dress [dres]";"1";"el tronco es el cuello (neck): el cuerpo no está en el camino a la cabeza o el cuello es todo el cuerpo"
"430";"honchkrow";"base";"cobblemon:honchkrow.geo";"Cobblemon";"bípedo";"alas, cola";"head";"0 21.6 1.5";"centro";"torso2";"head_angle";"torso2";"head";"tail";"wings [wing], plumage [plumage]";"";"0";""
"431";"glameow";"base";"atm_remodels:glameow.geo";"AllTheMons-R4.0";"cuadrúpedo";"cola";"head";"0 11 -3.5";"base";"neck";"head";"body";"neck";"tail_base";"";"";"0";""
"432";"purugly";"base";"atm_remodels:purugly.geo";"AllTheMons-R4.0";"cuadrúpedo";"cola";"head";"0 15 -5.5";"base";"neck";"head";"body";"neck";"tail_base";"";"";"0";""
"433";"chingling";"base";"cobblemon:chingling.geo";"Cobblemon";"bípedo";"";"face";"1 3 0";"base";"torso";"face";"torso";"face";"";"bell_back [bell], arms [arm]";"";"0";""
"434";"stunky";"base";"cobblemon:stunky.geo";"AllTheMons-R4.0";"cuadrúpedo";"cola";"head";"0 6.5 -7";"centro";"body";"head";"body";"head";"tail";"";"";"0";""
"435";"skuntank";"base";"cobblemon:skuntank.geo";"AllTheMons-R4.0";"bípedo";"cola";"head";"0 5.5 -8";"base";"torso";"head";"body";"head";"tail";"shoulder_r [arm], shoulder_l [arm]";"";"0";""
"436";"bronzor";"base";"cobblemon:bronzor.geo";"Cobblemon";"sin cabeza";"";"";"";"";"";"";"";"";"";"";"";"0";""
"437";"bronzong";"base";"cobblemon:bronzong.geo";"Cobblemon";"sin cabeza";"";"";"";"";"";"";"";"";"";"";"";"0";""
"438";"bonsly";"base";"cobblemon:bonsly.geo";"Cobblemon";"sin cabeza";"";"";"";"";"";"";"";"";"";"";"";"0";""
"439";"mimejr";"base";"cobblemon:mime_jr.geo";"Cobblemon";"bípedo";"";"head";"0 9 -0.2";"centro";"neck";"head";"torso";"neck";"";"arms [arm], skirt [skirt]";"";"0";""
"440";"happiny";"base";"cobblemon:happiny.geo";"Cobblemon";"bípedo";"";"head";"0 7 0";"base";"torso";"head";"torso";"head";"";"";"";"0";""
"441";"chatot";"base";"cobblemon:chatot.geo";"Cobblemon";"bípedo";"alas, cola";"head";"0 9.8 -1.6";"centro";"neck";"head";"torso";"neck";"tail1, tail_fluff";"wings_open [wing], wings_closed [wing]";"";"0";""
"442";"spiritomb";"base";"cobblemon:spiritomb.geo";"Cobblemon";"sin cabeza";"";"";"";"";"";"";"";"";"";"";"";"0";""
"443";"gible [female]";"forma";"cobblemon:gible_female.geo";"Cobblemon";"todo cabeza";"";"torso";"0 4 -1";"";"body";"torso";"";"torso";"";"";"";"0";""
"443";"gible";"base";"cobblemon:gible_male.geo";"Cobblemon";"todo cabeza";"";"torso";"0 4 -1";"";"body";"torso";"";"torso";"";"";"";"0";""
"444";"gabite [female]";"forma";"cobblemon:gabite_female.geo";"Cobblemon";"bípedo";"cola";"head";"0 23.4 0.5";"base";"neck2";"head_angle";"torso";"neck";"tail";"arms [arm], fin [fin]";"";"0";""
"444";"gabite";"base";"cobblemon:gabite_male.geo";"Cobblemon";"bípedo";"cola";"head";"0 23.4 0.5";"base";"neck2";"head_angle";"torso";"neck";"tail";"arms [arm], fin [fin]";"";"0";""
"445";"garchomp [female]";"forma";"cobblemon:garchomp_female.geo";"Cobblemon";"bípedo";"cola";"head";"0 40.1 1";"base";"neck";"head_angle";"torso2";"neck0";"tail";"fin [fin], arms [arm]";"";"0";""
"445";"garchomp";"base";"cobblemon:garchomp_male.geo";"Cobblemon";"bípedo";"cola";"head";"0 40.1 1";"base";"neck";"head_angle";"torso2";"neck0";"tail";"fin [fin], arms [arm]";"";"0";""
"446";"munchlax";"base";"cobblemon:munchlax.geo";"Cobblemon";"bípedo";"";"head";"0 10 0";"base";"torso2";"head";"torso";"head";"";"fur_front [fur], fur_right [fur], fur_left [fur], fur_back [fur], arm_right [arm], arm_left [arm]";"";"0";""
"447";"riolu";"base";"cobblemon:riolu.geo";"Cobblemon";"bípedo";"cola";"head";"0 17.5 -0.3";"base";"neck";"head_correction";"torso";"neck";"tail";"arms [arm]";"";"0";""
"448";"lucario";"base";"cobblemon:lucario.geo";"Cobblemon";"bípedo";"cola";"head";"0 32.7 -0.4";"base";"neck";"head_angle";"torso";"neck";"tail";"arms [arm]";"";"0";""
"449";"hippopotas";"base";"cobblemon:hippopotas.geo";"Cobblemon";"cuadrúpedo";"cola";"head";"0 8 -5";"centro";"neck";"head";"torso";"neck";"tail";"";"";"0";""
"450";"hippowdon";"base";"cobblemon:hippowdon.geo";"Cobblemon";"cuadrúpedo";"cola";"head";"0 19 -15.5";"base";"neck";"top_head";"torso";"neck";"tail";"sand [sand], redsand [redsand]";"";"0";""
"451";"skorupi";"base";"cobblemon:skorupi.geo";"Cobblemon";"cuadrúpedo";"cola";"head";"0 5.5 -5";"centro";"torso";"head";"torso";"head";"tail";"";"";"0";""
"452";"drapion";"base";"cobblemon:drapion.geo";"Cobblemon";"cuadrúpedo";"cola";"head";"0 11 -33.4";"base";"neck4";"head";"torso";"neck";"tail";"";"";"0";""
"453";"croagunk [female]";"forma";"cobblemon:croagunk_female.geo";"Cobblemon";"bípedo";"";"head";"0 20 3.5";"base";"torso2";"head";"torso";"head";"";"arm_left [arm], arm_right [arm]";"";"0";""
"453";"croagunk";"base";"cobblemon:croagunk_male.geo";"Cobblemon";"bípedo";"";"head";"0 20 3.5";"base";"torso2";"head";"torso";"head";"";"arm_left [arm], arm_right [arm]";"";"0";""
"454";"toxicroak [female]";"forma";"cobblemon:toxicroak_female.geo";"Cobblemon";"bípedo";"";"head";"0 33.5 2.8";"base";"neck";"head_angle";"torso3";"neck";"";"arms [arm]";"throat_sack [throat]";"0";""
"454";"toxicroak";"base";"cobblemon:toxicroak_male.geo";"Cobblemon";"bípedo";"";"head";"0 33.5 2.8";"base";"neck";"head_angle";"torso3";"neck";"";"arms [arm]";"throat_sack [throat]";"0";""
"455";"carnivine";"base";"cobblemon:carnivine.geo";"Cobblemon";"sin patas";"";"head";"0 27.5 0.5";"centro";"torso";"head";"torso";"head";"";"arm_left [arm], arm_right [arm]";"";"0";""
"456";"finneon";"base";"cobblemon:finneon.geo";"Cobblemon";"sin cabeza";"";"";"";"";"";"";"";"";"tail";"";"";"0";""
"457";"lumineon";"base";"cobblemon:lumineon.geo";"Cobblemon";"sin cabeza";"";"";"";"";"";"";"";"";"tail";"";"";"0";""
"458";"mantyke";"base";"cobblemon:mantyke.geo";"Cobblemon";"sin cabeza";"";"";"";"";"";"";"";"";"";"";"";"0";""
"459";"snover";"base";"cobblemon:snover.geo";"AllTheMons-R4.0";"sin cabeza";"";"";"";"";"";"";"";"";"tail";"";"";"0";""
"460";"abomasnow";"base";"cobblemon:abomasnow.geo";"AllTheMons-R4.0";"bípedo";"cola";"head";"1 32.5 0";"base";"torso";"head";"torso";"head";"tail";"arms [arm]";"";"0";""
"461";"weavile [female]";"forma";"cobblemon:weavile_female.geo";"Cobblemon";"bípedo";"cola";"head";"0 16 0";"base";"torso2";"head_angle";"torso2";"head";"tail";"collar [collar], arms [arm]";"";"0";""
"461";"weavile";"base";"cobblemon:weavile_male.geo";"Cobblemon";"bípedo";"cola";"head";"0 16 0";"base";"torso2";"head_angle";"torso2";"head";"tail";"collar [collar], arms [arm]";"";"0";""
"462";"magnezone";"base";"cobblemon:magnezone.geo";"Cobblemon";"sin cabeza";"";"";"";"";"";"";"";"";"";"";"";"1";"posible cabeza: body_left (lleva la cara)"
"463";"lickilicky";"base";"cobblemon:lickilicky.geo";"Cobblemon";"bípedo";"cola";"head";"0 28 0";"base";"upper_torso";"head";"torso";"head";"tail_1";"left_upper_arm [arm], right_upper_arm [arm]";"";"0";""
"464";"rhyperior [female]";"forma";"cobblemon:rhyperior_female.geo";"Cobblemon";"bípedo";"cola";"head";"0 34 0";"base";"upper_torso";"head_angle";"torso";"head";"tail";"left_shoulder [arm], right_shoulder [arm], left_shoulder_plate [arm], right_shoulder_plate [arm]";"";"0";""
"464";"rhyperior";"base";"cobblemon:rhyperior_male.geo";"Cobblemon";"bípedo";"cola";"head";"0 34 0";"base";"upper_torso";"head_angle";"torso";"head";"tail";"left_shoulder [arm], right_shoulder [arm], left_shoulder_plate [arm], right_shoulder_plate [arm]";"";"0";""
"465";"tangrowth";"base";"cobblemon:tangrowth.geo";"Cobblemon";"sin cabeza";"";"";"";"";"";"";"";"";"";"";"";"0";""
"466";"electivire";"base";"cobblemon:electivire.geo";"Cobblemon";"bípedo";"cola";"head";"0 27.5 -0.2";"base";"torso";"head";"torso";"head";"tails";"arms [arm]";"";"0";""
"467";"magmortar";"base";"cobblemon:magmortar.geo";"Cobblemon";"bípedo";"cola";"head";"-0.5 30.5 -3";"base";"torso";"head";"torso";"head";"tail";"arm_right [arm], arm_left [arm]";"";"0";""
"468";"togekiss";"base";"cobblemon:togekiss.geo";"Cobblemon";"bípedo";"alas, cola";"head";"0 10.5 -11";"base";"neck";"head_angle";"torso";"neck";"tail";"wings [wing]";"";"0";""
"469";"yanmega";"base";"cobblemon:yanmega.geo";"Cobblemon";"muchas patas";"alas, cola";"head";"0 11 -8";"base";"torso";"head";"torso";"head";"tail1";"wing_right1 [wing], wing_right2 [wing], wing_left1 [wing], wing_left2 [wing]";"";"0";""
"470";"leafeon";"base";"cobblemon:leafeon.geo";"Cobblemon";"cuadrúpedo";"cola";"head";"0 15.2 -6";"base";"neck";"head_angle";"torso";"neck";"tail";"";"";"0";""
"471";"glaceon";"base";"cobblemon:glaceon.geo";"Cobblemon";"cuadrúpedo";"cola";"head";"0 15 -6.2";"base";"neck";"head_angle";"torso";"neck";"tail";"";"";"0";""
"472";"gliscor";"base";"cobblemon:gliscor.geo";"Cobblemon";"bípedo";"cola";"head";"0 18.2 -1.5";"base";"upper_torso";"head";"upper_torso";"head";"tail_segment_1";"left_upper_arm [arm], right_upper_arm [arm], flying_membrane [membrane]";"";"0";""
"473";"mamoswine [female]";"forma";"cobblemon:mamoswine_female.geo";"Cobblemon";"cuadrúpedo";"cola";"chest";"0 30.5 5";"base";"torso";"chest";"torso";"chest";"tail";"";"";"0";""
"473";"mamoswine";"base";"cobblemon:mamoswine_male.geo";"Cobblemon";"cuadrúpedo";"cola";"chest";"0 30.5 5";"base";"torso";"chest";"torso";"chest";"tail";"";"";"0";""
"474";"porygonz";"base";"cobblemon:porygon-z.geo";"Cobblemon";"sin patas";"cola";"head";"0 22 0";"base";"torso";"head";"torso";"head";"tail";"arms [arm]";"";"0";""
"475";"gallade";"base";"cobblemon:gallade.geo";"Cobblemon";"bípedo";"";"head";"0 28.5 0";"base";"neck";"head";"torso";"neck";"";"arms [arm]";"";"0";""
"476";"probopass";"base";"cobblemon:probopass.geo";"Cobblemon";"sin cabeza";"";"";"";"";"";"";"";"";"";"";"";"0";""
"477";"dusknoir";"base";"cobblemon:dusknoir.geo";"Cobblemon";"sin patas";"cola";"head";"0 29.5 -9.5";"base";"chest";"head_angle";"chest";"head";"tail";"arms [arm]";"";"0";""
"478";"froslass";"base";"cobblemon:froslass.geo";"Cobblemon";"sin patas";"";"head";"0 20 0";"base";"neck";"head";"torso";"neck";"";"skirt [skirt], ribbon [ribbon]";"";"0";""
"479";"rotom";"base";"cobblemon:rotom.geo";"AllTheMons-R4.0";"sin cabeza";"";"";"";"";"";"";"";"";"";"";"";"0";""
"479";"rotom [fan-appliance,shiny] (+1)";"forma";"cobblemon:rotom_fan.geo";"AllTheMons-R4.0";"sin cabeza";"";"";"";"";"";"";"";"";"";"";"";"0";""
"479";"rotom [frost-appliance,shiny] (+1)";"forma";"cobblemon:rotom_frost.geo";"AllTheMons-R4.0";"sin cabeza";"";"";"";"";"";"";"";"";"";"";"";"0";""
"479";"rotom [heat-appliance] (+1)";"forma";"cobblemon:rotom_heat.geo";"AllTheMons-R4.0";"sin cabeza";"";"";"";"";"";"";"";"";"";"";"";"0";""
"479";"rotom [mow-appliance,shiny] (+1)";"forma";"cobblemon:rotom_mow.geo";"AllTheMons-R4.0";"sin cabeza";"";"";"";"";"";"";"";"";"";"";"";"0";""
"479";"rotom [shiny,wash-appliance] (+1)";"forma";"cobblemon:rotom_wash.geo";"AllTheMons-R4.0";"sin cabeza";"";"";"";"";"";"";"";"";"tail_rotate";"";"";"0";""
"480";"uxie";"base";"cobblemon:uxie.geo";"AllTheMons-R4.0";"sin patas";"cola";"head";"0 11 0.4";"base";"bone7";"bone";"torso";"head";"tail_left, tail_right";"";"";"0";""
"481";"mesprit";"base";"cobblemon:mesprit.geo";"AllTheMons-R4.0";"sin patas";"";"head";"0 10.5 0";"base";"bone7";"head";"torso";"head";"";"arm_left [arm], arm_right [arm]";"";"0";""
"482";"azelf";"base";"cobblemon:azelf.geo";"AllTheMons-R4.0";"sin patas";"";"head";"0 10.5 0";"base";"bone7";"head";"torso";"head";"";"";"";"0";""
"483";"dialga";"base";"cobblemon:dialga.geo";"AllTheMons-R4.0";"cuadrúpedo";"";"head";"-0.2 110.8 -25";"base";"bone5";"bone";"bone3";"neck";"";"chestplate [chestplate]";"";"0";""
"483";"dialga [origin-forme]";"forma";"cobblemon:dialga_origin.geo";"AllTheMons-R4.0";"sin patas";"";"head";"0.4 127.3 -17.4";"base";"neck";"head";"torso";"neck";"";"";"";"0";""
"484";"palkia";"base";"cobblemon:palkia.geo";"AllTheMons-R4.0";"bípedo";"";"head";"-0.6 83.7 -31.7";"base";"neck3";"head";"torso";"neck";"";"arm_left [arm], arm_right [arm]";"";"0";""
"484";"palkia [origin-forme]";"forma";"cobblemon:palkia_origin.geo";"AllTheMons-R4.0";"sin patas";"";"head";"0 86.7 -39";"base";"head_neck";"head";"bone15";"neck";"";"";"";"0";""
"485";"heatran";"base";"cobblemon:heatran.geo";"AllTheMons-R4.0";"bípedo";"";"head";"0.1 14.9 -11.4";"base";"torso2";"head";"torso";"head";"";"left_arm [arm], right_arm [arm]";"";"0";""
"486";"regigigas";"base";"atm_remodels:regigigas.geo";"AllTheMons-R4.0";"bípedo";"";"head";"0 92.5 -7";"centro";"chest";"head";"chest";"head";"";"arms [arm], bushes [bushe]";"";"0";""
"487";"giratina";"base";"cobblemon:giratina.geo";"AllTheMons-R4.0";"sin patas";"";"head";"-0.2 82.6 -23.2";"base";"neck3";"head";"bone7";"neck";"";"";"";"0";""
"487";"giratina [origin-forme]";"forma";"cobblemon:giratina_origin.geo";"AllTheMons-R4.0";"sin patas";"";"head";"0 15.5 -64.8";"base";"bone3";"head";"torso_upper";"head";"";"gold3 [gold], gold6 [gold], gold2 [gold], gold5 [gold], gold1 [gold], gold4 [gold]";"";"0";""
"488";"cresselia";"base";"cobblemon:cresselia.geo";"AllTheMons-R4.0";"sin patas";"cola";"head";"-2 27.2 -17.6";"lejos";"neck2";"face";"body";"neck";"tail";"rings [ring], arm_right [arm], arm_left [arm]";"";"1";"pivote de la cabeza lejos del cráneo (11.7 px)"
"489";"phione";"base";"cobblemon:phione.geo";"AllTheMons-R4.0";"sin patas";"";"head";"0 5.6 0";"base";"torso";"head_angle";"torso";"head";"";"arms [arm]";"";"0";""
"490";"manaphy";"base";"cobblemon:manaphy.geo";"AllTheMons-R4.0";"bípedo";"";"head";"0 5.6 0";"base";"torso";"head_angle";"torso";"head";"";"arms [arm]";"";"0";""
"491";"darkrai";"base";"cobblemon:darkrai.geo";"AllTheMons-R4.0";"bípedo";"cola";"head";"0 23.7 7.8";"base";"chest2";"head";"torso";"head";"tail";"shoulder_left [arm], shoulder_right [arm], collar [collar]";"";"0";""
"492";"shaymin";"base";"cobblemon:shaymin.geo";"AllTheMons-R4.0";"cuadrúpedo";"";"head";"0.5 1.9 -4.5";"base";"torso";"bone3";"torso";"head";"";"left_flower [flower], right_flower [flower], back_fur [fur]";"";"0";""
"492";"shaymin [sky-forme]";"forma";"cobblemon:shaymin_sky.geo";"AllTheMons-R4.0";"cuadrúpedo";"";"head2";"0 13.8 -6.5";"base";"neck";"head2";"chest";"neck";"";"fur [fur]";"scarf [scarf]";"0";""
"493";"arceus";"base";"cobblemon:arceus.geo";"AllTheMons-R4.0";"cuadrúpedo";"cola";"head";"0 75.3 -21.2";"base";"head_ai";"head";"torso2";"neck";"tail";"arch [arch]";"beard [beard]";"0";""
"494";"victini";"base";"cobblemon:victini.geo";"AllTheMons-R4.0";"bípedo";"alas";"head";"0 6.8 0";"base";"body_top";"head";"body_bot";"head";"";"wing_right [wing], wing_left [wing], right_arm [arm], left_arm [arm]";"";"0";""
"495";"snivy";"base";"cobblemon:snivy.geo";"Cobblemon";"bípedo";"cola";"head";"0 6.2 -15";"base";"neck";"head_angle";"torso_bottom";"neck";"tail";"arms [arm]";"vines [vine]";"0";""
"496";"servine";"base";"cobblemon:servine.geo";"Cobblemon";"bípedo";"cola";"head";"0 7 -18.3";"centro";"neck";"head_angle";"torso_top";"neck";"tail";"back_leaf1 [leaf], arms [arm]";"vines [vine]";"0";""
"497";"serperior";"base";"cobblemon:serperior.geo";"Cobblemon";"serpiente/pez";"cola";"head";"0 34.8 0.5";"centro";"neck4";"head_angle";"neck";"neck4";"tail_leaf1";"";"arms [arm], vines [vine]";"0";""
"498";"tepig";"base";"cobblemon:tepig.geo";"Cobblemon";"cuadrúpedo";"cola";"head";"0 6.9 -4.2";"base";"torso";"head";"torso";"head";"tail";"";"";"0";""
"499";"pignite";"base";"cobblemon:pignite.geo";"Cobblemon";"bípedo";"cola";"head";"0 15 0.5";"base";"waist";"head";"waist";"head";"tail";"arm_left [arm], arm_right [arm]";"";"0";""
"500";"emboar";"base";"cobblemon:emboar.geo";"Cobblemon";"bípedo";"cola";"head";"0 29.8 0.5";"centro";"chest";"head";"waist";"head";"tail";"shoulder_left [arm], shoulder_right [arm], fire [fire]";"";"0";""
"501";"oshawott";"base";"cobblemon:oshawott.geo";"Cobblemon";"bípedo";"cola";"head";"0 10.5 -0.2";"base";"torso";"head";"torso";"head";"tail";"arm_right [arm], arm_left [arm], ruff_front_right [ruff], ruff_front_left [ruff], ruff_middle_right [ruff], ruff_back_right [ruff], ruff_middle_left [ruff], ruff_back_left [ruff]";"";"0";""
"502";"dewott";"base";"cobblemon:dewott.geo";"Cobblemon";"bípedo";"cola";"head";"0 19.5 -0.2";"base";"torso";"head";"waist";"head";"tail";"skirt_right [skirt], skirt_left [skirt], arm_right [arm], arm_left [arm]";"";"0";""
"503";"samurott";"base";"cobblemon:samurott.geo";"Cobblemon";"cuadrúpedo";"cola";"head";"0 34 -9.2";"centro";"neck2";"head";"chest";"neck1";"tail";"";"";"0";""
"503";"samurott [hisuian]";"forma";"cobblemon:samurott_hisuian.geo";"Cobblemon";"cuadrúpedo";"cola";"head";"0 34 -9.2";"centro";"neck2";"head";"chest";"neck1";"tail";"";"";"0";""
"504";"patrat";"base";"cobblemon:patrat.geo";"Cobblemon";"bípedo";"cola";"head";"0 13.8 -1";"base";"upper_torso";"head_angle";"torso";"head";"tail_1";"left_upper_arm [arm], right_upper_arm [arm]";"";"0";""
"505";"watchog";"base";"cobblemon:watchog.geo";"Cobblemon";"bípedo";"cola";"head";"0 30.8 0";"base";"neck";"head_angle";"torso";"neck";"tail_1";"left_upper_arm [arm], right_upper_arm [arm]";"";"0";""
"506";"lillipup";"base";"cobblemon:lillipup.geo";"Cobblemon";"cuadrúpedo";"cola";"head";"0 8 -4.2";"base";"torso";"head";"torso";"head";"tail1";"";"";"0";""
"507";"herdier";"base";"cobblemon:herdier.geo";"Cobblemon";"cuadrúpedo";"cola";"head";"0 17 -4.2";"base";"neck";"head";"torso";"neck";"tail1";"coat_front [coat], coat_front_left [coat], coat_front_right [coat], coat_back_right [coat], coat_back_left [coat], coat_back [coat], coat_right [coat], coat_left [coat]";"";"0";""
"508";"stoutland";"base";"cobblemon:stoutland.geo";"Cobblemon";"cuadrúpedo";"cola";"head";"0 21 -11.2";"base";"neck";"head";"torso";"neck";"tail";"coat_left_front [coat], coat_right_front [coat], coat_front_right [coat], coat_front_left [coat], coat_front [coat]";"";"0";""
"509";"purrloin";"base";"cobblemon:purrloin.geo";"Cobblemon";"bípedo";"cola";"head";"0 18 0";"base";"neck";"head";"torso";"neck";"tail";"";"";"0";""
"510";"liepard";"base";"cobblemon:liepard.geo";"Cobblemon";"cuadrúpedo";"cola";"head";"0 29 -12.5";"base";"neck";"head";"chest";"neck";"tail";"";"";"0";""
"511";"pansage";"base";"cobblemon:pansage.geo";"Cobblemon";"bípedo";"cola";"head";"0 12.5 0";"base";"torso";"head_angle";"waist";"head";"tail";"arms [arm]";"";"0";""
"512";"simisage";"base";"cobblemon:simisage.geo";"Cobblemon";"bípedo";"cola";"head";"0 20.5 1";"base";"torso2";"head_angle";"waist";"head";"tail";"collar [collar], arms [arm]";"";"0";""
"513";"pansear";"base";"cobblemon:pansear.geo";"Cobblemon";"bípedo";"cola";"head";"0 12.1 0";"base";"torso";"head_angle";"waist";"head";"tail";"arms [arm]";"";"0";""
"514";"simisear";"base";"cobblemon:simisear.geo";"Cobblemon";"bípedo";"cola";"head";"0 21.2 1";"base";"torso";"head_angle";"waist";"head";"tail";"collar [collar], arms [arm]";"";"0";""
"515";"panpour";"base";"cobblemon:panpour.geo";"Cobblemon";"bípedo";"cola";"head";"0 12.5 0";"base";"torso";"head_angle";"waist";"head";"tail";"arms [arm]";"";"0";""
"516";"simipour";"base";"cobblemon:simipour.geo";"Cobblemon";"bípedo";"cola";"head";"0 20.2 1";"base";"torso2";"head_angle";"waist";"head";"tail";"dress [dres], arms [arm]";"";"0";""
"517";"munna";"base";"cobblemon:munna.geo";"Cobblemon";"cuadrúpedo";"";"torso2";"0.5 13 -2";"base";"torso";"torso2";"torso";"torso2";"";"";"";"0";""
"518";"musharna";"base";"cobblemon:musharna.geo";"Cobblemon";"bípedo";"";"head";"0 21.5 7.5";"base";"chest";"head";"torso";"head";"";"arms [arm]";"";"0";""
"519";"pidove";"base";"cobblemon:pidove.geo";"Cobblemon";"bípedo";"alas, cola";"head";"0 11.5 -2.8";"centro";"neck";"head_ai";"chest";"neck";"tail";"wings_open [wing], wings_closed [wing]";"";"0";""
"520";"tranquill";"base";"cobblemon:tranquill.geo";"Cobblemon";"bípedo";"alas, cola";"head";"0 16.4 -4.7";"centro";"neck";"head_angle";"chest";"neck";"tail";"wings_closed [wing], wings_open [wing]";"";"0";""
"521";"unfezant [female]";"forma";"cobblemon:unfezant_female.geo";"Cobblemon";"bípedo";"alas, cola";"head";"0 24.5 -4";"centro";"neck2";"head_angle";"chest";"neck";"tail";"wings_closed [wing], wings_open [wing]";"";"0";""
"521";"unfezant";"base";"cobblemon:unfezant_male.geo";"Cobblemon";"bípedo";"alas, cola";"head";"0 24.5 -4";"centro";"neck2";"head_angle";"chest";"neck";"tail";"wings_closed [wing], wings_open [wing]";"";"0";""
"522";"blitzle";"base";"cobblemon:blitzle.geo";"Cobblemon";"cuadrúpedo";"cola";"head";"0 18 -4.5";"base";"neck";"head_angle";"torso";"neck";"tail";"";"";"0";""
"523";"zebstrika";"base";"cobblemon:zebstrika.geo";"Cobblemon";"cuadrúpedo";"cola";"head";"0 27.6 -7.7";"base";"neck";"head_angle";"torso";"neck";"tail";"";"";"0";""
"524";"roggenrola";"base";"cobblemon:roggenrola.geo";"Cobblemon";"todo cabeza";"";"torso";"0 2 0";"";"body";"torso";"";"torso";"";"";"";"0";""
"525";"boldore";"base";"cobblemon:boldore.geo";"Cobblemon";"patas: 3";"";"torso";"0 6.8 -0.5";"centro";"body";"torso";"";"torso";"";"";"";"1";"sin tronco (ningún hueso con cubos hasta la cabeza): sin adornos"
"526";"gigalith";"base";"cobblemon:gigalith.geo";"Cobblemon";"cuadrúpedo";"";"head";"0 22.5 0.5";"base";"torso";"head_upper";"torso";"head";"";"spike_front [spike], spike_back_top [spike], spike_back_bottom [spike]";"";"0";""
"527";"woobat";"base";"cobblemon:woobat.geo";"Cobblemon";"sin patas";"alas";"head";"0 5 0";"centro";"torso";"head";"";"head";"";"wings [wing]";"";"1";"sin tronco (ningún hueso con cubos hasta la cabeza): sin adornos"
"528";"swoobat";"base";"cobblemon:swoobat.geo";"Cobblemon";"bípedo";"alas, cola";"head";"0 13 0";"base";"torso";"head";"torso";"head";"tail";"left_wing [wing], right_wing [wing]";"";"0";""
"529";"drilbur";"base";"cobblemon:drilbur.geo";"Cobblemon";"bípedo";"cola";"head";"0 11 0.2";"base";"torso2";"head_angle";"torso";"head";"tail";"arms [arm]";"";"0";""
"530";"excadrill";"base";"cobblemon:excadrill.geo";"Cobblemon";"bípedo";"cola";"head";"0 18 -0.5";"base";"torso2";"head_angle";"torso";"head";"tail";"drill_form [drill], arms [arm]";"";"0";""
"531";"audino";"base";"cobblemon:audino.geo";"Cobblemon";"bípedo";"cola";"head";"0 19.5 0";"base";"chest2";"head_angle";"torso";"head";"tail";"arms [arm]";"";"0";""
"532";"timburr";"base";"cobblemon:timburr.geo";"Cobblemon";"bípedo";"";"head";"0 13 -0.2";"base";"chest";"head";"torso";"head";"";"arms [arm]";"";"0";""
"533";"gurdurr";"base";"cobblemon:gurdurr.geo";"Cobblemon";"bípedo";"";"head";"0 23.2 -0.2";"base";"neck";"head";"chest";"neck";"";"arms [arm]";"";"0";""
"534";"conkeldurr";"base";"cobblemon:conkeldurr.geo";"Cobblemon";"bípedo";"";"head";"0 26 -8.5";"base";"chest";"head";"chest";"head";"";"arms [arm]";"";"0";""
"535";"tympole";"base";"cobblemon:tympole.geo";"AllTheMons-R4.0";"sin cabeza";"";"";"";"";"";"";"";"";"";"";"";"0";""
"536";"palpitoad";"base";"cobblemon:palpitoad.geo";"AllTheMons-R4.0";"bípedo";"cola";"head";"0 11 0";"base";"torso";"head_angle";"torso";"head";"tail";"";"";"1";"cara fuera de la cabeza: mouth_open_big_bottom"
"537";"seismitoad";"base";"cobblemon:seismitoad.geo";"AllTheMons-R4.0";"bípedo";"";"head";"0 38.2 5.5";"base";"neck_rotation";"head_rotation";"torso";"neck";"";"wart_back_bottom_left [wart], wart_back_bottom_right [wart], arms [arm], wart_back_top_left [wart], wart_back_top_right [wart]";"";"0";""
"538";"throh";"base";"atm_remodels:throh.geo";"AllTheMons-R4.0";"sin patas";"";"head";"0 24.2 -2";"centro";"chest";"head";"chest";"head";"";"";"";"0";""
"539";"sawk";"base";"atm_remodels:sawk.geo";"AllTheMons-R4.0";"sin patas";"";"head";"-0.2 29.8 -0.2";"base";"chest";"head";"chest";"head";"";"belt_strap [belt], belt_strap2 [belt]";"";"0";""
"540";"sewaddle";"base";"cobblemon:sewaddle.geo";"Cobblemon";"muchas patas";"";"head";"0 5 -5.5";"centro";"torso3";"head_angle";"torso";"head";"";"";"";"0";""
"541";"swadloon";"base";"cobblemon:swadloon.geo";"Cobblemon";"todo cabeza";"";"torso";"0 1.5 -0.2";"";"body";"torso";"body";"torso";"";"";"";"0";""
"542";"leavanny";"base";"cobblemon:leavanny.geo";"Cobblemon";"bípedo";"";"head";"0 31.5 -0.2";"base";"neck";"head_angle";"torso3";"neck";"";"arms [arm]";"";"0";""
"543";"venipede";"base";"cobblemon:venipede.geo";"Cobblemon";"muchas patas";"cola";"head";"0 7.4 -8.5";"centro";"neck_back";"head";"torso";"neck";"tail";"";"";"0";""
"544";"whirlipede";"base";"cobblemon:whirlipede.geo";"Cobblemon";"todo cabeza";"";"main_body";"0 13.5 0";"";"body";"main_body";"";"main_body";"";"spikes [spike]";"";"0";""
"545";"scolipede";"base";"cobblemon:scolipede.geo";"Cobblemon";"cuadrúpedo";"cola";"head";"0 19.5 -72.2";"base";"neck3";"head";"torso3";"neck";"tail";"shell_spike2_left [shell], shell_spike2_right [shell]";"shell_spike3_left [shell], shell_spike3_right [shell], shell_spike4_left [shell], shell_spike4_right [shell]";"0";""
"546";"cottonee";"base";"cobblemon:cottonee.geo";"Cobblemon";"sin patas";"alas";"head";"0 3.5 0";"base";"head_ai";"head";"";"head";"";"wings [wing]";"";"1";"sin tronco (ningún hueso con cubos hasta la cabeza): sin adornos"
"547";"whimsicott";"base";"cobblemon:whimsicott.geo";"Cobblemon";"bípedo";"";"head";"0 8 0";"base";"neck";"head_angle";"torso";"neck";"";"arms [arm]";"";"0";""
"548";"petilil";"base";"cobblemon:petilil.geo";"Cobblemon";"sin patas";"";"head";"0 5.8 0";"base";"neck";"head";"body";"neck";"";"";"";"0";""
"549";"lilligant";"base";"cobblemon:lilligant.geo";"Cobblemon";"patas: 1";"";"head";"0 24 0";"base";"neck";"head";"body";"neck";"";"leaves_back [leave], arms [arm]";"";"0";""
"549";"lilligant [hisuian]";"forma";"cobblemon:lilligant_hisuian.geo";"Cobblemon";"bípedo";"";"head";"0 27 -0.2";"base";"chest";"head";"torso";"head";"";"thight_leaf_left [thight], thight_leaf_right [thight], arms [arm]";"";"0";""
"550";"basculin [bluestriped]";"forma";"cobblemon:basculin_bluestripe.geo";"Cobblemon";"sin patas";"cola";"head";"0 6.5 -3.2";"base";"torso";"head_rot";"torso";"head";"tail";"fins [fin]";"";"0";""
"550";"basculin";"base";"cobblemon:basculin_redstripe.geo";"Cobblemon";"sin patas";"cola";"head";"0 6.5 -3.2";"base";"torso";"head_rot";"torso";"head";"tail";"fins [fin]";"";"0";""
"550";"basculin [whitestriped]";"forma";"cobblemon:basculin_whitestripe.geo";"Cobblemon";"sin patas";"cola";"head";"0 6.8 -3.8";"base";"torso";"head_rot";"torso";"head";"tail";"fins [fin]";"";"0";""
"551";"sandile";"base";"cobblemon:sandile.geo";"Cobblemon";"cuadrúpedo";"cola";"head";"0 5.6 -2.5";"base";"torso";"head";"torso";"head";"tail";"";"";"0";""
"552";"krokorok";"base";"cobblemon:krokorok.geo";"Cobblemon";"bípedo";"cola";"head";"0 21.5 -0.5";"base";"neck";"head";"torso";"neck";"tail";"arm_right [arm], arm_left [arm]";"";"0";""
"553";"krookodile";"base";"cobblemon:krookodile.geo";"Cobblemon";"bípedo";"cola";"head";"0 34.2 1.6";"centro";"neck";"head";"torso";"neck";"tail";"arm_right [arm], arm_left [arm]";"";"0";""
"554";"darumaka";"base";"cobblemon:darumaka.geo";"Cobblemon";"todo cabeza";"";"torso";"0 3.5 0";"";"body";"torso";"";"torso";"";"";"";"0";""
"554";"darumaka [galarian]";"forma";"cobblemon:darumaka_galar.geo";"AllTheMons-R4.0";"todo cabeza";"";"torso";"0 3.5 0";"";"body";"torso";"";"torso";"";"";"";"0";""
"555";"darmanitan";"base";"cobblemon:darmanitan.geo";"Cobblemon";"bípedo";"cola";"upper_torso";"0 24 7.5";"base";"torso";"upper_torso";"torso";"upper_torso";"tail";"arms_torso [arm]";"";"0";""
"555";"darmanitan [galarian]";"forma";"cobblemon:darmanitan_galar.geo";"AllTheMons-R4.0";"bípedo";"cola";"upper_torso";"0 24 7.5";"base";"torso";"bone";"torso";"upper_torso";"tail";"arms_torso [arm]";"";"0";""
"555";"darmanitan [galarian,zen-mode]";"forma";"cobblemon:darmanitan_galar_zen.geo";"AllTheMons-R4.0";"sin patas";"cola";"upper_torso";"0 18 7.5";"base";"torso";"upper_torso";"torso";"upper_torso";"tail";"arms_torso [arm]";"";"0";""
"555";"darmanitan [zen-mode]";"forma";"cobblemon:darmanitan_zen.geo";"AllTheMons-R4.0";"sin cabeza";"";"";"";"";"";"";"";"";"";"";"";"0";""
"556";"maractus";"base";"cobblemon:maractus.geo";"Cobblemon";"patas: 1";"";"head";"0 12 0";"base";"torso2";"head_angle";"torso";"head";"";"collar [collar], arm_left [arm], arm_right [arm]";"";"0";""
"557";"dwebble";"base";"cobblemon:dwebble.geo";"Cobblemon";"bípedo";"cola";"head";"0 4.5 -3";"base";"torso";"head";"torso";"head";"tail";"rock [rock], arms [arm]";"";"0";""
"558";"crustle";"base";"cobblemon:crustle.geo";"Cobblemon";"muchas patas";"";"head";"0 4.8 -9";"base";"torso";"head";"torso";"head";"";"arms [arm]";"";"0";""
"559";"scraggy";"base";"cobblemon:scraggy.geo";"Cobblemon";"bípedo";"cola";"head";"0 12.5 0";"centro";"neck";"head";"body_bend";"neck";"tail";"";"arm_right [arm], arm_left [arm]";"0";""
"560";"scrafty";"base";"cobblemon:scrafty.geo";"Cobblemon";"bípedo";"cola";"head";"0 18.5 0";"centro";"neck";"head";"torso";"neck";"tail";"arm_left [arm], arm_right [arm]";"hood [hood]";"0";""
"561";"sigilyph";"base";"cobblemon:sigilyph.geo";"Cobblemon";"sin patas";"alas, cola";"horn2";"0 27.8 0";"base";"horn";"horn2";"body";"horn2";"tail";"wings [wing], arms [arm], spike_left [spike], spike_right [spike]";"";"0";""
"562";"yamask";"base";"cobblemon:yamask.geo";"Cobblemon";"sin patas";"cola";"head";"0 9.5 1.5";"base";"torso";"head_angle";"mask (al lado, 3 huesos)";"head";"tail";"";"";"0";""
"562";"yamask [galarian]";"forma";"cobblemon:yamask_galarian.geo";"Cobblemon";"sin patas";"cola";"head";"0 9.5 1.5";"base";"torso";"head_angle";"stone (al lado, 1 huesos)";"head";"tail";"";"";"0";""
"563";"cofagrigus";"base";"cobblemon:cofagrigus.geo";"Cobblemon";"todo cabeza";"";"thing_top";"0 47 0.5";"";"torso";"thing_top";"torso";"thing_top";"";"sliding_part_right [sliding], sliding_part_left [sliding], chin_close [chin], arms [arm]";"";"1";"cara fuera de la cabeza: eyes, eye_right, eye_left"
"564";"tirtouga";"base";"cobblemon:tirtouga.geo";"Cobblemon";"bípedo";"cola";"head";"0 3.5 -13";"base";"neck";"head";"torso";"neck";"tail";"fin_left_rot [fin], fin_left_back_rot [fin], fin_right_back_rot [fin], fin_right_rot [fin], shell [shell]";"";"0";""
"565";"carracosta";"base";"cobblemon:carracosta.geo";"Cobblemon";"bípedo";"cola";"head";"0 26 1";"base";"neck";"head";"torso";"neck";"tail";"arm_right [arm], arm_left [arm], shell [shell]";"";"0";""
"566";"archen";"base";"cobblemon:archen.geo";"Cobblemon";"cuadrúpedo";"cola";"head";"0 12.9 -1.5";"base";"neck";"head";"torso2";"neck";"tail_fur, tail";"arms [arm]";"";"0";""
"567";"archeops";"base";"cobblemon:archeops.geo";"Cobblemon";"bípedo";"cola";"head";"0 21 -22";"base";"neck2";"head";"torso";"neck";"tail_fur";"arms [arm]";"";"0";""
"568";"trubbish";"base";"atm_remodels:trubbish.geo";"AllTheMons-R4.0";"bípedo";"";"head";"0 1 0";"base";"body";"heed";"";"head";"";"right_arm [arm], left_arm [arm]";"";"2";"cráneo de emergencia: solo hay adornos (heed) | sin tronco (ningún hueso con cubos hasta la cabeza): sin adornos"
"569";"garbodor";"base";"atm_remodels:garbodor.geo";"AllTheMons-R4.0";"bípedo";"";"head";"0 35.1 -2.7";"base";"neck";"heed";"torso";"neck";"";"right_arm [arm]";"right_shoulder [arm], left_armpit [armpit], left_shoulder [arm], cape [cape]";"1";"cráneo de emergencia: solo hay adornos (heed)"
"570";"zorua";"base";"cobblemon:zorua.geo";"Cobblemon";"cuadrúpedo";"cola";"head";"0 7.2 -3";"base";"torso";"head_angle";"torso";"head";"tail";"ruff [ruff]";"";"0";""
"570";"zorua [hisuian]";"forma";"cobblemon:zorua_hisuian.geo";"Cobblemon";"cuadrúpedo";"cola";"head";"0 6.5 -2.5";"base";"head_master";"head";"torso";"head";"tail";"";"";"0";""
"571";"zoroark";"base";"cobblemon:zoroark.geo";"Cobblemon";"bípedo";"";"head";"0 42 -0.5";"base";"neck";"head_angle";"torso";"neck";"";"arms [arm]";"";"0";""
"571";"zoroark [hisuian]";"forma";"cobblemon:zoroark_hisuian.geo";"Cobblemon";"bípedo";"cola";"head";"0 44 -0.5";"base";"neck";"head";"waist";"neck";"tail";"arm_left [arm], arm_right [arm]";"";"0";""
"572";"minccino";"base";"cobblemon:minccino.geo";"Cobblemon";"bípedo";"cola";"head";"0 7.5 0";"base";"torso2";"head_angle";"torso";"head";"tail";"arms [arm]";"";"0";""
"573";"cinccino";"base";"cobblemon:cinccino.geo";"Cobblemon";"bípedo";"cola";"head";"0 10.5 0";"base";"torso2";"head_angle";"torso";"head";"tails";"scarf [scarf], arms [arm]";"";"0";""
"574";"gothita";"base";"cobblemon:gothita.geo";"Cobblemon";"bípedo";"";"head";"0 5.6 0";"base";"torso2";"head_angle";"torso";"head";"";"bow_middle [bow], arms [arm]";"";"0";""
"575";"gothorita";"base";"cobblemon:gothorita.geo";"Cobblemon";"bípedo";"";"head";"0 14.2 0";"base";"torso2";"head_angle";"torso";"head";"";"dress [dres], bow_back [bow], arms [arm]";"";"0";""
"576";"gothitelle";"base";"cobblemon:gothitelle.geo";"Cobblemon";"bípedo";"";"head";"0 27.8 -0.8";"base";"neck";"head_angle";"torso";"neck";"";"dress_middle_top [dres], bow_middle_top [bow], dress [dres], dress_top [dres], arms [arm], bow_top [bow]";"";"0";""
"577";"solosis";"base";"cobblemon:solosis.geo";"Cobblemon";"todo cabeza";"";"inner_body";"0 8 0";"";"body";"inner_body";"";"inner_body";"";"bubble [bubble]";"";"0";""
"578";"duosion";"base";"cobblemon:duosion.geo";"Cobblemon";"bípedo";"";"head";"0 12 0";"base";"inner_body";"head";"torso (al lado, 2 huesos)";"head";"";"bubble [bubble], antenna [antenna]";"";"0";""
"579";"reuniclus";"base";"cobblemon:reuniclus.geo";"Cobblemon";"bípedo";"";"head";"0 12.5 0";"base";"torso2";"head";"torso";"head";"";"bubble [bubble], inner_arm_left [arm], inner_arm_right [arm]";"";"0";""
"580";"ducklett";"base";"cobblemon:ducklett.geo";"Cobblemon";"bípedo";"alas";"head";"0 11.5 -3";"base";"neck";"head";"torso2";"neck";"";"wings [wing]";"";"0";""
"581";"swanna";"base";"cobblemon:swanna.geo";"Cobblemon";"bípedo";"alas, cola";"head";"0 32.1 -6";"base";"neck3";"head";"torso";"neck";"tail";"wings [wing]";"";"0";""
"582";"vanillite";"base";"cobblemon:vanillite.geo";"Cobblemon";"sin patas";"";"head";"0 4.2 0";"base";"neck";"head_angle";"torso";"neck";"";"arms [arm]";"";"0";""
"583";"vanillish";"base";"cobblemon:vanillish.geo";"Cobblemon";"sin patas";"";"head";"0 17 0";"base";"torso";"head";"torso";"head";"";"arms [arm], cone [cone]";"";"0";""
"584";"vanilluxe";"base";"cobblemon:vanilluxe.geo";"Cobblemon";"sin patas";"racimo (2)";"head_right";"-5.5 18.3 0";"base";"heads";"head_right";"torso";"head_right";"";"arms [arm], cone_center [cone], cone_right [cone], cone_left [cone]";"";"1";"cara fuera de la cabeza: face_ditto, eyes_ditto, eyes_blink_ditto"
"585";"deerling";"base";"cobblemon:deerling.geo";"Cobblemon";"cuadrúpedo";"cola";"head";"0 12.8 -4";"base";"neck";"head";"torso";"neck";"tail";"";"";"0";""
"586";"sawsbuck [autumn] (+1)";"forma";"cobblemon:sawsbuck_autumn.geo";"Cobblemon";"cuadrúpedo";"cola";"head";"0 22.2 -4.5";"base";"neck";"head";"torso";"neck";"tail";"";"";"0";""
"586";"sawsbuck";"base";"cobblemon:sawsbuck_spring.geo";"Cobblemon";"cuadrúpedo";"cola";"head";"0 22.2 -4.5";"base";"neck";"head";"torso";"neck";"tail";"";"";"0";""
"586";"sawsbuck [summer] (+1)";"forma";"cobblemon:sawsbuck_summer.geo";"Cobblemon";"cuadrúpedo";"cola";"head";"0 22.2 -4.5";"base";"neck";"head";"torso";"neck";"tail";"";"";"0";""
"586";"sawsbuck [winter] (+1)";"forma";"cobblemon:sawsbuck_winter.geo";"Cobblemon";"cuadrúpedo";"cola";"head";"0 22.2 -4.5";"base";"neck";"head";"torso";"neck";"tail";"";"";"0";""
"587";"emolga";"base";"cobblemon:emolga.geo";"Cobblemon";"bípedo";"cola";"head";"0 7.5 0";"base";"torso";"head";"waist";"head";"tail";"arms [arm]";"";"0";""
"588";"karrablast";"base";"cobblemon:karrablast.geo";"Cobblemon";"todo cabeza";"";"torso";"0 3.5 0";"";"body";"torso";"";"torso";"";"";"";"0";""
"589";"escavalier";"base";"cobblemon:escavalier.geo";"Cobblemon";"sin patas";"cola";"head";"0 25 -4.5";"centro";"torso2";"head_angle";"body";"head";"tail";"arms [arm]";"";"0";""
"590";"foongus";"base";"cobblemon:foongus.geo";"Cobblemon";"sin cabeza";"";"";"";"";"";"";"";"";"";"";"";"0";""
"591";"amoonguss";"base";"cobblemon:amoonguss.geo";"Cobblemon";"sin patas";"";"head";"0 6.5 0";"centro";"torso";"head";"torso_squish (al lado, 1 huesos)";"head";"";"";"";"0";""
"592";"frillish [female]";"forma";"cobblemon:frillish_female.geo";"Cobblemon";"serpiente/pez";"cola (punta)";"head";"0 18 0";"base";"body";"head";"neck (al lado, 15 huesos)";"head";"frill_right_end2 (último segmento)";"";"";"0";""
"592";"frillish";"base";"cobblemon:frillish_male.geo";"Cobblemon";"serpiente/pez";"cola (punta)";"head";"0 18 0";"base";"body";"head";"neck (al lado, 19 huesos)";"head";"frill_right_end2 (último segmento)";"";"";"0";""
"593";"jellicent [female]";"forma";"cobblemon:jellicent_female.geo";"Cobblemon";"sin patas";"";"head";"0 21 0";"base";"body";"head";"";"head";"";"";"";"1";"sin tronco (ningún hueso con cubos hasta la cabeza): sin adornos"
"593";"jellicent";"base";"cobblemon:jellicent_male.geo";"Cobblemon";"sin patas";"";"head";"0 21 0";"base";"body";"head";"";"head";"";"";"";"1";"sin tronco (ningún hueso con cubos hasta la cabeza): sin adornos"
"594";"alomomola";"base";"cobblemon:alomomola.geo";"Cobblemon";"sin cabeza";"";"";"";"";"";"";"";"";"";"";"";"0";""
"595";"joltik";"base";"cobblemon:joltik.geo";"Cobblemon";"sin cabeza";"";"";"";"";"";"";"";"";"";"";"";"0";""
"596";"galvantula";"base";"cobblemon:galvantula.geo";"Cobblemon";"cuadrúpedo";"";"torso";"0 6 0";"base";"body";"abdomen";"";"torso";"";"";"";"1";"sin tronco (ningún hueso con cubos hasta la cabeza): sin adornos"
"597";"ferroseed";"base";"cobblemon:ferroseed.geo";"Cobblemon";"sin cabeza";"";"";"";"";"";"";"";"";"";"";"";"0";""
"598";"ferrothorn";"base";"cobblemon:ferrothorn.geo";"Cobblemon";"patas: 3";"";"body_rotation";"0 14 0";"base";"body";"body_rotation";"";"body_rotation";"";"arms [arm]";"";"1";"sin tronco (ningún hueso con cubos hasta la cabeza): sin adornos"
"599";"klink";"base";"cobblemon:klink.geo";"Cobblemon";"sin patas";"";"gear2";"-3 16.5 0";"centro";"body";"gear2";"";"gear2";"";"gear1 [gear]";"";"1";"sin tronco (ningún hueso con cubos hasta la cabeza): sin adornos"
"600";"klang";"base";"cobblemon:klang.geo";"Cobblemon";"sin patas";"";"gear2_teeth2";"-7.3 21.6 0";"lejos";"gear2";"gear2_teeth2";"gear2";"gear2_teeth2";"";"main_gear [gear], gear2_nose [gear]";"";"1";"pivote de la cabeza lejos del cráneo (3 px)"
"601";"klinklang";"base";"cobblemon:klinklang.geo";"Cobblemon";"sin patas";"";"gear2_teeth2";"-7.3 21.6 0";"lejos";"gear2";"gear2_teeth2";"gear2";"gear2_teeth2";"";"main_gear [gear], lower_gear_rotation [gear], gear2_nose [gear]";"";"1";"pivote de la cabeza lejos del cráneo (3 px)"
"602";"tynamo";"base";"cobblemon:tynamo.geo";"Cobblemon";"sin patas";"";"head";"0 8 -3.5";"base";"body";"head";"body";"head";"";"";"";"0";""
"603";"eelektrik";"base";"cobblemon:eelektrik.geo";"Cobblemon";"serpiente/pez";"cola";"head";"0 8 -15";"base";"neck";"head";"segment1 (al lado, 8 huesos)";"neck";"tail_fin";"";"";"0";""
"604";"eelektross";"base";"cobblemon:eelektross.geo";"Cobblemon";"serpiente/pez";"";"head";"0 11.8 -22";"base";"neck2";"head";"neck";"neck2";"";"";"arms [arm]";"0";""
"605";"elgyem";"base";"cobblemon:elgyem.geo";"Cobblemon";"bípedo";"cola";"head";"0 9.2 0";"base";"torso_top";"head_angle";"torso_middle";"head";"tail";"arms [arm]";"";"0";""
"606";"beheeyem";"base";"cobblemon:beheeyem.geo";"Cobblemon";"bípedo";"";"head";"0 12.7 0";"base";"torso_top";"head_angle";"torso_top";"head";"";"collar_back [collar], arms [arm]";"";"0";""
"607";"litwick";"base";"cobblemon:litwick.geo";"Cobblemon";"sin patas";"";"head";"0 0 0";"base";"body";"head2";"";"head";"";"wax_trail [wax]";"";"1";"sin tronco (ningún hueso con cubos hasta la cabeza): sin adornos"
"608";"lampent";"base";"cobblemon:lampent.geo";"Cobblemon";"sin patas";"";"head";"0 3.5 0";"base";"swing";"brim";"swing";"head";"";"arms [arm]";"";"1";"cráneo de emergencia: solo hay adornos (brim)"
"609";"chandelure";"base";"cobblemon:chandelure.geo";"Cobblemon";"sin patas";"";"head";"0 7.5 0";"base";"swing";"head";"swing";"head";"";"arms [arm]";"";"0";""
"610";"axew";"base";"cobblemon:axew.geo";"Cobblemon";"bípedo";"cola";"head";"0 9.2 0.4";"base";"scarf";"head";"torso";"neck";"tail";"arm_left [arm], arm_right [arm], scarf2 [scarf]";"";"0";""
"611";"fraxure";"base";"cobblemon:fraxure.geo";"Cobblemon";"bípedo";"cola";"head";"0 28.5 -0.5";"centro";"neck";"head";"torso";"neck";"tail";"shoulder_left [arm], shoulder_right [arm]";"front_spike [spike]";"0";""
"612";"haxorus";"base";"cobblemon:haxorus.geo";"Cobblemon";"bípedo";"cola";"head";"0 53.1 1.2";"centro";"neck5";"head_angle";"torso";"neck";"tail";"crotch [crotch], back_plate [plate], arm_left [arm], arm_right [arm]";"";"0";""
"613";"cubchoo";"base";"cobblemon:cubchoo.geo";"Cobblemon";"bípedo";"cola";"head";"0 8.8 0";"base";"torso";"head";"body";"head";"tail";"arm_right [arm], arm_left [arm]";"";"0";""
"614";"beartic";"base";"cobblemon:beartic.geo";"Cobblemon";"bípedo";"";"head";"0 30 1.8";"base";"torso2";"head";"torso";"head";"";"front_fluff [fluff], rear_fluff [rear], right_arm [arm], left_arm [arm]";"";"0";""
"615";"cryogonal";"base";"cobblemon:cryogonal.geo";"Cobblemon";"sin cabeza";"";"";"";"";"";"";"";"";"";"";"";"0";""
"616";"shelmet";"base";"cobblemon:shelmet.geo";"Cobblemon";"bípedo";"cola";"head";"0 5.5 -1.4";"centro";"torso";"head_angle";"";"head";"tail";"shell_top [shell]";"";"1";"sin tronco (ningún hueso con cubos hasta la cabeza): sin adornos"
"617";"accelgor";"base";"cobblemon:accelgor.geo";"Cobblemon";"patas: 1";"cola";"head";"0 17 -2.6";"base";"torso2";"head_angle";"torso2";"head";"tail";"cloth_front_left [cloth], cloth_front_right [cloth], arms [arm], collar [collar]";"";"0";""
"618";"stunfisk";"base";"cobblemon:stunfisk.geo";"Cobblemon";"sin patas";"cola";"head";"0 0.5 5.2";"base";"torso";"head";"";"head";"tail";"";"";"1";"sin tronco (ningún hueso con cubos hasta la cabeza): sin adornos"
"618";"stunfisk [galarian]";"forma";"cobblemon:stunfisk_galarian.geo";"Cobblemon";"serpiente/pez";"cola (punta)";"head";"0 0.5 5.2";"base";"torso";"head";"tail (al lado, 1 huesos)";"head";"tail_end (punta)";"";"";"0";""
"619";"mienfoo";"base";"cobblemon:mienfoo.geo";"Cobblemon";"bípedo";"cola";"head";"0.5 17.8 0";"base";"waist";"head_angle";"torso";"head";"tail";"skirt [skirt], arms [arm]";"";"0";""
"620";"mienshao";"base";"cobblemon:mienshao.geo";"Cobblemon";"bípedo";"cola";"head";"0 30 0.1";"base";"neck";"head_angle";"torso";"neck";"tail";"arms [arm]";"";"0";""
"621";"druddigon";"base";"atm_remodels:druddigon.geo";"AllTheMons-R4.0";"sin patas";"";"head";"0 17.9 -15";"base";"bone3";"head";"torso";"head";"";"";"";"0";""
"622";"golett";"base";"cobblemon:golett.geo";"Cobblemon";"bípedo";"";"head";"0 14.5 0";"base";"torso";"head";"torso";"head";"";"inner_glow [glow], arms [arm]";"";"0";""
"623";"golurk";"base";"cobblemon:golurk.geo";"Cobblemon";"bípedo";"";"head";"0 76 0";"base";"torso";"head";"torso";"head";"";"bandage [bandage], shoulder_left [arm], shoulder_right [arm]";"";"0";""
"624";"pawniard";"base";"cobblemon:pawniard.geo";"AllTheMons-R4.0";"bípedo";"";"head";"0.2 14.2 0.4";"base";"nekc";"head";"regctangle";"head";"";"";"";"0";""
"625";"bisharp";"base";"cobblemon:bisharp.geo";"AllTheMons-R4.0";"bípedo";"";"head";"0.4 27.5 -1.1";"base";"torso";"head";"torso";"head";"";"arm_right [arm], arm_left [arm]";"";"0";""
"626";"bouffalant";"base";"cobblemon:bouffalant.geo";"Cobblemon";"cuadrúpedo";"cola";"head";"0 11.5 -16.1";"base";"neck";"head_angle";"torso3";"neck";"tail";"";"";"0";""
"627";"rufflet";"base";"cobblemon:rufflet.geo";"Cobblemon";"bípedo";"alas, cola";"head";"0 10.5 -1";"base";"neck";"head_angle";"torso";"neck";"tail";"wings [wing]";"";"0";""
"628";"braviary";"base";"cobblemon:braviary.geo";"Cobblemon";"bípedo";"alas, cola";"head";"0 21.9 -16.8";"centro";"neck2";"head_angle";"torso";"neck1";"tail";"wings [wing]";"";"0";""
"628";"braviary [hisuian]";"forma";"cobblemon:braviary_hisuian.geo";"Cobblemon";"bípedo";"alas, cola";"head";"0 23.7 -19.8";"centro";"neck2";"head_angle";"torso";"neck";"tail";"wings_closed [wing], wings_open [wing]";"";"0";""
"629";"vullaby";"base";"cobblemon:vullaby.geo";"AllTheMons-R4.0";"bípedo";"alas";"head";"0 11.9 -2.6";"base";"torso";"head";"torso";"head";"";"fuzz [fuzz], wing_right [wing], wing_left [wing], skull [skull]";"";"0";""
"630";"mandibuzz";"base";"cobblemon:mandibuzz.geo";"AllTheMons-R4.0";"bípedo";"alas, cola";"head";"0 30.8 -3.5";"base";"neck_2";"head";"torso";"neck_1";"tail";"tuff [tuff], wing_left_closed [wing], wing_right_closed [wing], wing_left_open [wing], wing_right_open [wing]";"";"0";""
"631";"heatmor";"base";"cobblemon:heatmor.geo";"Cobblemon";"bípedo";"cola";"head";"0 32 4";"base";"neck2";"head_angle";"torso";"neck";"tail";"arms [arm]";"";"0";""
"632";"durant";"base";"cobblemon:durant.geo";"Cobblemon";"muchas patas";"";"head";"0 9.2 -3.5";"base";"torso";"head";"torso";"head";"";"";"";"0";""
"633";"deino";"base";"cobblemon:deino.geo";"Cobblemon";"cuadrúpedo";"cola";"head";"0 16.3 -4.3";"base";"neck";"head_angle";"torso";"neck";"tail";"";"";"0";""
"634";"zweilous";"base";"cobblemon:zweilous.geo";"Cobblemon";"cuadrúpedo";"varias cabezas (2), alas, cola";"head_left";"3 18.1 -7.1";"base";"neck_left2";"head_angle_left";"torso";"neck_left";"tail";"wings [wing]";"";"0";""
"635";"hydreigon";"base";"cobblemon:hydreigon.geo";"Cobblemon";"bípedo";"alas, cola";"head";"0 46.5 -1";"base";"neck3";"head_angle";"chest";"neck";"tail";"arms [arm], wings [wing]";"";"0";""
"636";"larvesta";"base";"cobblemon:larvesta.geo";"Cobblemon";"cuadrúpedo";"cola";"head";"0 9.2 -9.5";"centro";"neck";"upper_head";"torso";"neck";"tail";"";"arms [arm], flames [flame]";"0";""
"637";"volcarona";"base";"cobblemon:volcarona.geo";"Cobblemon";"serpiente/pez";"alas, cola (punta)";"head";"0 33.5 -5.5";"base";"neck";"head";"body";"neck";"tail_detail4 (punta)";"arms [arm], wings [wing]";"";"0";""
"638";"cobalion";"base";"cobblemon:cobalion.geo";"AllTheMons-R4.0";"cuadrúpedo";"";"head";"0 39.7 -6.9";"centro";"neck_2";"head";"torso";"neck";"";"fur [fur]";"";"0";""
"639";"terrakion";"base";"cobblemon:terrakion.geo";"AllTheMons-R4.0";"bípedo";"cola";"head";"0 22.7 -24.7";"base";"neck";"head";"torso_up";"neck";"tail";"arm_right [arm], arm_left [arm]";"";"0";""
"640";"virizion";"base";"cobblemon:virizion.geo";"AllTheMons-R4.0";"cuadrúpedo";"cola";"head";"0 38.4 -10.3";"base";"neck3";"head";"chest";"neck";"tails";"";"petal_left [petal], petal_right [petal]";"0";""
"641";"tornadus";"base";"cobblemon:tornadus.geo";"AllTheMons-R4.0";"sin patas";"cola";"head";"0.4 29.5 0.5";"base";"torso";"head";"torso";"head";"tail_1";"arms [arm]";"";"0";""
"641";"tornadus [therian-forme] (+1)";"forma";"cobblemon:tornadus_therian.geo";"AllTheMons-R4.0";"bípedo";"alas, cola";"head";"0.8 36.7 -0.9";"base";"neck";"head";"torso";"neck";"tail";"wings_close [wing], wings [wing]";"";"0";""
"642";"thundurus";"base";"cobblemon:thundurus.geo";"AllTheMons-R4.0";"sin patas";"cola";"head";"0.2 30.5 0.5";"base";"torso";"head";"torso";"head";"tail_1";"arms [arm]";"";"0";""
"642";"thundurus [therian-forme] (+1)";"forma";"cobblemon:thundurus_therian.geo";"AllTheMons-R4.0";"bípedo";"cola";"head";"0 58.3 7.1";"base";"neck2";"head_cloud";"chest2";"neck";"tail";"arms [arm]";"";"0";""
"643";"reshiram";"base";"cobblemon:reshiram.geo";"AllTheMons-R4.0";"sin patas";"";"head";"0 108.5 -8.3";"base";"bone3";"head";"torso";"neck";"";"arm_left [arm], arm_right [arm]";"";"0";""
"644";"zekrom";"base";"cobblemon:zekrom.geo";"AllTheMons-R4.0";"bípedo";"";"head";"0 106.1 8.9";"base";"neck";"head";"torso2";"neck";"";"";"";"0";""
"645";"landorus";"base";"cobblemon:landorus.geo";"AllTheMons-R4.0";"sin patas";"cola";"head";"0 30.5 0.5";"base";"torso";"head";"torso";"head";"tail";"arms [arm]";"";"0";""
"645";"landorus [therian-forme] (+1)";"forma";"cobblemon:landorus_therian.geo";"AllTheMons-R4.0";"cuadrúpedo";"cola";"head";"0.2 33.3 -11.5";"base";"neck2";"head";"torso";"neck";"tail";"";"";"0";""
"646";"kyurem";"base";"cobblemon:kyurem.geo";"AllTheMons-R4.0";"bípedo";"";"head";"0 49.8 -55.2";"base";"bone18";"head";"torso";"head";"";"arm_left [arm], arm_right [arm]";"";"0";""
"646";"kyurem [black-fusion]";"forma";"cobblemon:kyuremblack.geo";"AllTheMons-R4.0";"cuadrúpedo";"cola";"head";"-0.7 81.1 -29.4";"centro";"neck3";"head";"torso";"neck";"tail";"arms [arm]";"";"0";""
"646";"kyurem [white-fusion]";"forma";"cobblemon:kyuremwhite.geo";"AllTheMons-R4.0";"muchas patas";"cola";"head";"0.5 69.1 -20.6";"centro";"neck3";"head";"body5";"neck";"tail";"arms [arm]";"";"0";""
"647";"keldeo";"base";"cobblemon:keldeo.geo";"AllTheMons-R4.0";"cuadrúpedo";"cola";"head";"0 19.9 -7.8";"base";"neck";"head";"chest (al lado, 4 huesos)";"neck";"tail";"";"";"0";""
"647";"keldeo [resolute-form]";"forma";"cobblemon:keldeo_resolut.geo";"AllTheMons-R4.0";"cuadrúpedo";"cola";"head";"0 19.9 -7.8";"base";"neck";"head";"chest (al lado, 4 huesos)";"neck";"tail";"";"";"0";""
"648";"meloetta";"base";"cobblemon:meloetta.geo";"AllTheMons-R4.0";"bípedo";"";"head";"0 17.8 0";"base";"torso";"head_angle";"torso";"head";"";"dress [dres], arms [arm]";"";"0";""
"648";"meloetta [pirouette-forme]";"forma";"cobblemon:meloetta_pirouette.geo";"AllTheMons-R4.0";"bípedo";"";"head";"0 17.8 0";"base";"torso";"head_angle";"torso";"head";"";"dress [dres], arms [arm]";"";"0";""
"649";"genesect";"base";"cobblemon:genesect.geo";"AllTheMons-R4.0";"cuadrúpedo";"";"head";"0 30.6 1.8";"centro";"neck";"head";"top_sec";"neck";"";"bot_sec [bot], cannon [cannon]";"";"0";""
"650";"chespin";"base";"cobblemon:chespin.geo";"Cobblemon";"bípedo";"cola";"head";"0 10.5 -0.5";"centro";"torso";"head";"torso";"head";"tail";"arm_left [arm], arm_right [arm]";"";"0";""
"651";"quilladin";"base";"cobblemon:quilladin.geo";"Cobblemon";"sin cabeza";"";"";"";"";"";"";"";"";"tail";"";"";"0";""
"652";"chesnaught";"base";"cobblemon:chesnaught.geo";"Cobblemon";"bípedo";"cola";"head";"0 33.4 -0.5";"base";"neck";"head";"torso2";"neck";"tail";"arm_right [arm], arm_left [arm], collar [collar]";"";"0";""
"653";"fennekin";"base";"cobblemon:fennekin.geo";"Cobblemon";"cuadrúpedo";"cola";"head";"0 11.8 -3.2";"base";"neck";"head";"torso";"neck";"tail";"";"";"0";""
"654";"braixen";"base";"cobblemon:braixen.geo";"Cobblemon";"bípedo";"cola";"head";"0 31 0";"centro";"neck";"head";"torso";"neck";"tail";"skirt [skirt], arms [arm]";"";"0";""
"655";"delphox";"base";"cobblemon:delphox.geo";"Cobblemon";"muchas patas";"cola";"head";"0 45 0";"centro";"neck";"head";"torso";"neck";"tail";"arms [arm], shoulder_fur_left [arm], shoulder_fur_right [arm]";"";"0";""
"656";"froakie";"base";"cobblemon:froakie.geo";"Cobblemon";"bípedo";"";"head";"0 14 2";"base";"chest";"head";"torso";"head";"";"arm_right [arm], arm_left [arm], back_bubbles [bubble]";"";"0";""
"657";"frogadier";"base";"cobblemon:frogadier.geo";"Cobblemon";"bípedo";"";"head";"-0.5 28.8 3.2";"base";"neck";"head";"chest";"neck";"";"bubbles [bubble], arm_right [arm], arm_left [arm]";"";"0";""
"658";"greninja";"base";"cobblemon:greninja.geo";"Cobblemon";"bípedo";"cola";"head";"0 26.8 1.1";"base";"neck";"head";"chest";"neck";"tail";"arm_right [arm], arm_left [arm]";"";"0";""
"659";"bunnelby";"base";"cobblemon:bunnelby.geo";"Cobblemon";"bípedo";"cola";"head";"0 10.5 0";"base";"upper_torso";"head";"torso";"head";"tail";"left_upper_arm [arm], right_upper_arm [arm]";"";"0";""
"660";"diggersby";"base";"cobblemon:diggersby.geo";"Cobblemon";"bípedo";"cola";"head";"0 24.5 0";"base";"neck";"head";"torso";"neck";"tail";"left_upper_arm [arm], right_upper_arm [arm]";"";"0";""
"661";"fletchling";"base";"cobblemon:fletchling.geo";"Cobblemon";"bípedo";"alas, cola";"head";"0 5.8 -2.5";"base";"head_ai1";"head_angle";"torso";"neck";"tail";"wings [wing]";"";"0";""
"662";"fletchinder";"base";"cobblemon:fletchinder.geo";"Cobblemon";"bípedo";"alas, cola";"head";"0 15.5 -8";"base";"neck";"head_angle";"torso";"neck";"tail";"wings [wing]";"";"0";""
"663";"talonflame";"base";"cobblemon:talonflame.geo";"Cobblemon";"bípedo";"alas, cola";"head";"0 15.6 -12.7";"base";"neck";"head_angle";"torso";"neck";"tail";"wings [wing]";"";"0";""
"664";"scatterbug";"base";"cobblemon:scatterbug.geo";"Cobblemon";"muchas patas";"";"head";"0 1.5 -3";"base";"neck";"head";"body_middle";"neck";"";"";"";"0";""
"665";"spewpa";"base";"cobblemon:spewpa.geo";"Cobblemon";"sin patas";"";"head";"0 6 0";"base";"body";"head";"body";"head";"";"fluff [fluff]";"";"0";""
"666";"vivillon";"base";"cobblemon:vivillon.geo";"Cobblemon";"bípedo";"alas";"head";"0 7 -0.5";"base";"abdomen";"head";"abdomen";"head";"";"wing_left [wing], wing_right [wing]";"";"0";""
"667";"litleo";"base";"cobblemon:litleo.geo";"Cobblemon";"cuadrúpedo";"cola";"head";"0 11.2 -3.5";"base";"torso";"head_angle";"torso";"head";"tail";"";"";"0";""
"668";"pyroar [female]";"forma";"cobblemon:pyroar_female.geo";"Cobblemon";"cuadrúpedo";"cola";"head";"0 28 -9.5";"base";"neck";"head_angle";"torso2";"neck";"tail_fur, tail";"";"neckfur [neckfur]";"0";""
"668";"pyroar";"base";"cobblemon:pyroar_male.geo";"Cobblemon";"cuadrúpedo";"cola";"head";"0 33.5 -9.5";"base";"neck";"head_angle";"torso2";"neck";"tail_fur, tail";"";"";"0";""
"669";"flabebe";"base";"cobblemon:flabebe.geo";"Cobblemon";"sin patas";"cola";"head";"0 24.5 0";"centro";"neck";"head";"body";"neck";"tail";"flower [flower], arms [arm]";"";"0";""
"670";"floette";"base";"cobblemon:floette.geo";"Cobblemon";"sin patas";"cola";"head";"0 43.5 0";"base";"neck";"head";"body";"neck";"tail";"flower [flower], arms [arm]";"";"0";""
"670";"floette [flower-eternal]";"forma";"cobblemon:floette_eternalflower.geo";"AllTheMons-R4.0";"sin patas";"cola";"head";"0 43.5 0";"base";"neck";"head";"body";"neck";"tail";"flower [flower], arms [arm]";"";"0";""
"671";"florges";"base";"cobblemon:florges.geo";"Cobblemon";"sin patas";"cola";"head";"0 33 1.5";"base";"neck";"head";"body";"neck";"tail";"bra_left [bra], bra_right [bra], arms [arm]";"";"0";""
"672";"skiddo";"base";"cobblemon:skiddo.geo";"Cobblemon";"cuadrúpedo";"cola";"head";"0 12.6 -8.5";"base";"neck";"head";"torso2";"neck";"tail";"skirt1 [skirt], skirt2 [skirt]";"scarf [scarf]";"0";""
"673";"gogoat";"base";"cobblemon:gogoat.geo";"Cobblemon";"cuadrúpedo";"cola";"head";"0 28 -17";"centro";"neck";"head";"torso";"neck";"tail";"";"scarf [scarf]";"0";""
"674";"pancham";"base";"cobblemon:pancham.geo";"Cobblemon";"bípedo";"cola";"head";"0 9 0";"base";"torso2";"head_angle";"torso";"head";"tail";"arms [arm], cape [cape]";"";"0";""
"675";"pangoro";"base";"cobblemon:pangoro.geo";"Cobblemon";"bípedo";"";"head";"0 31.5 -0.5";"base";"neck";"head_angle";"torso";"neck";"";"cape_left [cape], cape_right [cape], arms [arm]";"collar_back [collar], collar_left [collar], collar_right [collar]";"0";""
"676";"furfrou";"base";"cobblemon:furfrou.geo";"Cobblemon";"cuadrúpedo";"cola";"head";"0 16.8 -5";"base";"neck";"head_angle";"torso";"neck_base";"tail_medium";"";"";"0";""
"676";"furfrou [cinnamon-trim] (+1)";"forma";"cobblemon:furfrou_cinnamon.geo";"Cobblemon";"cuadrúpedo";"cola";"head";"0 16.8 -5";"base";"neck";"head_angle";"torso3";"neck_base";"tail_small";"";"";"0";""
"676";"furfrou [crusader-trim] (+1)";"forma";"cobblemon:furfrou_crusader.geo";"Cobblemon";"cuadrúpedo";"cola";"head";"0 16.8 -5";"base";"neck";"head_angle";"torso3";"neck_base";"tail_small";"";"";"0";""
"676";"furfrou [dandy-trim] (+1)";"forma";"cobblemon:furfrou_dandy.geo";"Cobblemon";"cuadrúpedo";"cola";"head";"0 16.8 -5";"base";"neck";"head_angle";"torso3";"neck_base";"tail_small";"";"";"0";""
"676";"furfrou [debutante-trim] (+1)";"forma";"cobblemon:furfrou_debutante.geo";"Cobblemon";"cuadrúpedo";"cola";"head";"0 16.8 -5";"base";"neck";"head_angle";"torso3";"neck_base";"tail_small";"";"";"0";""
"676";"furfrou [diamond-trim] (+1)";"forma";"cobblemon:furfrou_diamond.geo";"Cobblemon";"cuadrúpedo";"cola";"head";"0 16.8 -5";"base";"neck";"head_angle";"torso3";"neck_base";"tail_shape";"";"";"0";""
"676";"furfrou [heart-trim] (+1)";"forma";"cobblemon:furfrou_heart.geo";"Cobblemon";"cuadrúpedo";"cola";"head";"0 16.8 -5";"base";"neck";"head_angle";"torso3";"neck_base";"tail_shape";"";"";"0";""
"676";"furfrou [kabuki-trim] (+1)";"forma";"cobblemon:furfrou_kabuki.geo";"Cobblemon";"cuadrúpedo";"cola";"head";"0 16.8 -5";"base";"neck";"head_angle";"torso3";"neck_base";"tail_small";"";"";"0";""
"676";"furfrou [la_reine-trim] (+1)";"forma";"cobblemon:furfrou_lareine.geo";"Cobblemon";"cuadrúpedo";"cola";"head";"0 16.8 -5";"base";"neck";"head";"torso3";"neck_base";"tail_small";"";"";"0";""
"676";"furfrou [lavender-trim] (+1)";"forma";"cobblemon:furfrou_lavender.geo";"Cobblemon";"cuadrúpedo";"cola";"head";"0 16.8 -5";"base";"neck";"head_angle";"torso3";"neck_base";"tail_small";"";"";"0";""
"676";"furfrou [matcha-trim] (+1)";"forma";"cobblemon:furfrou_matcha.geo";"Cobblemon";"cuadrúpedo";"cola";"head";"0 16.8 -5";"base";"neck";"head_angle";"torso3";"neck_base";"tail_small";"";"";"0";""
"676";"furfrou [matron-trim] (+1)";"forma";"cobblemon:furfrou_matron.geo";"Cobblemon";"cuadrúpedo";"cola";"head";"0 16.8 -5";"base";"neck";"head_angle";"torso3";"neck_base";"tail_small";"";"";"0";""
"676";"furfrou [mourner-trim] (+1)";"forma";"cobblemon:furfrou_mourner.geo";"Cobblemon";"cuadrúpedo";"cola";"head";"0 16.8 -5";"base";"neck";"head_angle";"torso3";"neck_base";"tail_small";"";"";"0";""
"676";"furfrou [pharaoh-trim] (+1)";"forma";"cobblemon:furfrou_pharaoh.geo";"Cobblemon";"cuadrúpedo";"cola";"head";"0 16.8 -5";"base";"neck";"head_angle";"torso3";"neck_base";"tail_small";"";"";"0";""
"676";"furfrou [rocker-trim] (+1)";"forma";"cobblemon:furfrou_rocker.geo";"Cobblemon";"cuadrúpedo";"cola";"head";"0 16.8 -5";"base";"neck";"head_angle";"torso3";"neck_base";"tail_small";"";"";"0";""
"676";"furfrou [star-trim] (+1)";"forma";"cobblemon:furfrou_star.geo";"Cobblemon";"cuadrúpedo";"cola";"head";"0 16.8 -5";"base";"neck";"head_angle";"torso3";"neck_base";"tail_shape";"";"";"0";""
"677";"espurr";"base";"cobblemon:espurr.geo";"Cobblemon";"bípedo";"cola";"head";"0 8.8 0";"base";"chest";"head";"torso";"head";"tail";"fur_left_bottom [fur], fur_right_bottom [fur], arms [arm], fur_back_left [fur], fur_back_right [fur]";"";"0";""
"678";"meowstic [female]";"forma";"cobblemon:meowstic_female.geo";"Cobblemon";"bípedo";"cola";"head";"0 15 0.5";"centro";"neck_fluff";"head";"torso";"neck_fluff";"tails";"arms [arm]";"";"0";""
"678";"meowstic";"base";"cobblemon:meowstic_male.geo";"Cobblemon";"bípedo";"cola";"head";"0 15 0.5";"centro";"neck_fluff";"head";"torso";"neck_fluff";"tails";"arms [arm]";"";"0";""
"679";"honedge";"base";"cobblemon:honedge.geo";"Cobblemon";"sin cabeza";"";"";"";"";"";"";"";"";"";"";"";"0";""
"680";"doublade";"base";"cobblemon:doublade.geo";"Cobblemon";"sin cabeza";"";"";"";"";"";"";"";"";"";"";"";"1";"posible cabeza: sword_left (lleva la cara)"
"681";"aegislash";"base";"cobblemon:aegislash.geo";"AllTheMons-R4.0";"sin cabeza";"";"";"";"";"";"";"";"";"";"";"";"1";"posible cabeza: body_bottom (lleva la cara)"
"682";"spritzee";"base";"cobblemon:spritzee.geo";"Cobblemon";"sin cabeza";"";"";"";"";"";"";"";"";"";"";"";"0";""
"683";"aromatisse";"base";"cobblemon:aromatisse.geo";"Cobblemon";"patas: 3";"";"head";"0 14 0";"base";"torso";"head";"waist";"head";"";"back_bow [bow], left_arm [arm], right_arm [arm], right_shoulder_fluff [arm], left_shoulder_fluff [arm]";"";"0";""
"684";"swirlix";"base";"atm_remodels:swirlix.geo";"AllTheMons-R4.0";"bípedo";"cola";"head";"0 2 0";"base";"swirlix";"head";"";"head";"tail";"";"";"1";"sin tronco (ningún hueso con cubos hasta la cabeza): sin adornos"
"685";"slurpuff";"base";"atm_remodels:slurpuff.geo";"AllTheMons-R4.0";"sin patas";"";"head";"0 9 0";"base";"slurpuff";"head";"torso (al lado, 5 huesos)";"head";"";"";"";"0";""
"686";"inkay";"base";"cobblemon:inkay.geo";"Cobblemon";"sin cabeza";"";"";"";"";"";"";"";"";"";"";"";"1";"posible cabeza por el nombre: head"
"687";"malamar";"base";"cobblemon:malamar.geo";"Cobblemon";"serpiente/pez";"cola (punta)";"head";"0 27.5 0.5";"base";"neck";"head";"torso";"neck";"tail3 (punta)";"";"";"0";""
"688";"binacle";"base";"cobblemon:binacle.geo";"Cobblemon";"sin patas";"varias cabezas (2)";"head_left";"4.5 14 -1.5";"base";"neck_left3";"head_angle_left";"body";"neck_left";"";"";"";"0";""
"689";"barbaracle";"base";"cobblemon:barbaracle.geo";"Cobblemon";"bípedo";"";"head";"0 36 0";"centro";"torso3";"head_angle";"torso3";"head";"";"arms [arm]";"";"0";""
"690";"skrelp";"base";"cobblemon:skrelp.geo";"Cobblemon";"patas: 3";"";"head";"0 15.8 0";"base";"neck";"head";"torso";"neck";"";"back_fin [fin], right_flipper [flipper], left_flipper [flipper]";"";"0";""
"691";"dragalge";"base";"cobblemon:dragalge.geo";"Cobblemon";"sin patas";"cola";"head";"0 27.8 -5.5";"base";"neck";"head";"torso";"neck";"tail";"";"";"0";""
"692";"clauncher";"base";"cobblemon:clauncher_left.geo";"Cobblemon";"serpiente/pez";"cola (punta)";"head";"0 4.5 0.5";"base";"torso";"face_rotation";"tail (al lado, 2 huesos)";"head";"tail3 (punta)";"";"";"0";""
"692";"clauncher [claw-right] (+1)";"forma";"cobblemon:clauncher_right.geo";"Cobblemon";"serpiente/pez";"cola (punta)";"head";"0 4.5 0.5";"base";"torso";"face_rotation";"tail (al lado, 2 huesos)";"head";"tail3 (punta)";"";"";"0";""
"693";"clawitzer";"base";"cobblemon:clawitzer_left.geo";"Cobblemon";"sin patas";"cola";"head";"0 3 -6.8";"base";"torso";"face_rotation";"torso";"head";"tail";"left_arm [arm], right_arm [arm]";"";"0";""
"693";"clawitzer [claw-right] (+1)";"forma";"cobblemon:clawitzer_right.geo";"Cobblemon";"sin patas";"cola";"head";"0 3 -6.8";"base";"torso";"face_rotation";"torso";"head";"tail";"left_arm [arm], right_arm [arm]";"";"0";""
"694";"helioptile";"base";"cobblemon:helioptile.geo";"AllTheMons-R4.0";"bípedo";"cola";"head";"0 11.5 1";"base";"neck";"head";"torso";"neck";"tail";"arm_right [arm], arm_left [arm]";"";"0";""
"695";"heliolisk";"base";"cobblemon:heliolisk.geo";"AllTheMons-R4.0";"bípedo";"cola";"head";"0 26 -5";"base";"neck";"head";"torso";"neck";"tail";"arm_right [arm], arm_left [arm]";"";"0";""
"696";"tyrunt";"base";"cobblemon:tyrunt.geo";"Cobblemon";"bípedo";"cola";"head";"-0.5 12.5 -12";"centro";"neck";"head_rotation";"torso";"neck";"tail";"arm_right [arm], arm_left [arm]";"";"0";""
"697";"tyrantrum";"base";"cobblemon:tyrantrum.geo";"Cobblemon";"bípedo";"cola";"head";"0 31.5 -47";"base";"neck";"head";"torso";"neck";"tail";"arm_right [arm], arm_left [arm], fluff [fluff]";"";"0";""
"698";"amaura";"base";"cobblemon:amaura.geo";"Cobblemon";"cuadrúpedo";"cola";"head";"-0.5 26.8 -6";"base";"neck4";"head";"torso";"neck";"tail1";"";"";"0";""
"699";"aurorus";"base";"cobblemon:aurorus.geo";"Cobblemon";"cuadrúpedo";"cola";"head";"-0.5 63.8 -13.5";"base";"neck5";"head";"torso";"neck1";"tail1";"";"";"0";""
"700";"sylveon";"base";"cobblemon:sylveon.geo";"Cobblemon";"cuadrúpedo";"cola";"head";"0 15.6 -4.2";"base";"neck";"head_angle";"torso";"neck";"tail";"";"";"0";""
"701";"hawlucha";"base";"cobblemon:hawlucha.geo";"Cobblemon";"bípedo";"alas";"head";"0 20.8 0.4";"base";"chest";"head_angle";"chest";"head";"";"wing_back [wing], arms [arm]";"";"0";""
"701";"hawlucha [cosmetic_item-leaves] (+1)";"cosmético";"cobblemon:hawlucha_leafmask.geo";"Cobblemon";"bípedo";"alas";"head";"0 20.8 0.4";"base";"chest";"head_angle";"chest";"head";"";"wing_back [wing], arms [arm]";"";"0";""
"702";"dedenne";"base";"cobblemon:dedenne.geo";"Cobblemon";"bípedo";"cola";"head";"0 8 -1";"base";"torso";"head";"torso";"head";"tail_base";"arm_left [arm], arm_right [arm]";"";"0";""
"703";"carbink";"base";"cobblemon:carbink.geo";"Cobblemon";"sin patas";"";"head";"0 14 0";"centro";"body";"head";"body";"head";"";"";"";"0";""
"704";"goomy";"base";"cobblemon:goomy.geo";"Cobblemon";"sin patas";"";"head";"0 9 -0.5";"base";"torso";"head";"torso";"head";"";"slime [slime]";"";"1";"cara fuera de la cabeza: mouth, mouth_shock"
"705";"sliggoo";"base";"cobblemon:sliggoo.geo";"Cobblemon";"serpiente/pez";"cola (punta)";"head";"0 17.5 -4.8";"base";"neck2";"head";"torso";"neck";"tail2 (punta)";"arms [arm]";"";"0";""
"705";"sliggoo [hisuian]";"forma";"cobblemon:sliggoo_hisuian.geo";"Cobblemon";"sin patas";"";"head";"0 19 -4.8";"base";"neck2";"head";"chest";"neck";"";"shell [shell], arms [arm]";"";"0";""
"706";"goodra";"base";"cobblemon:goodra.geo";"Cobblemon";"bípedo";"cola";"head";"0 45.5 -2";"base";"neck2";"head_ai";"torso";"neck";"tail";"arms [arm]";"";"0";""
"706";"goodra [hisuian]";"forma";"cobblemon:goodra_hisuian.geo";"Cobblemon";"bípedo";"cola";"head";"0 48.8 -3";"base";"neck3";"head_ai";"torso_scaling";"neck";"tail_base";"arms [arm]";"";"0";""
"707";"klefki";"base";"cobblemon:klefki.geo";"Cobblemon";"sin cabeza";"";"";"";"";"";"";"";"";"";"";"";"1";"posible cabeza por el nombre: head_key, head_key3, head_key2"
"708";"phantump";"base";"cobblemon:phantump.geo";"Cobblemon";"sin patas";"cola";"head";"0 7.8 0";"base";"neck";"head";"torso";"neck";"tail";"right_arm [arm], left_arm [arm]";"";"0";""
"709";"trevenant";"base";"cobblemon:trevenant.geo";"Cobblemon";"muchas patas";"";"head";"0 32.5 0";"base";"neck";"head";"torso";"neck";"";"right_arm [arm], left_arm [arm]";"";"0";""
"710";"pumpkaboo";"base";"cobblemon:pumpkaboo.geo";"Cobblemon";"bípedo";"";"head";"0 9 0";"centro";"torso";"head";"torso";"head";"";"fluff [fluff]";"";"0";""
"711";"gourgeist";"base";"cobblemon:gourgeist.geo";"Cobblemon";"bípedo";"";"head";"0 20 0.5";"base";"neck";"head";"torso";"neck";"";"";"";"0";""
"712";"bergmite";"base";"cobblemon:bergmite.geo";"Cobblemon";"sin cabeza";"";"";"";"";"";"";"";"";"tail";"";"";"0";""
"713";"avalugg";"base";"cobblemon:avalugg.geo";"Cobblemon";"cuadrúpedo";"";"head";"0 37 -34";"lejos";"neck";"head";"torso";"neck";"";"";"";"1";"pivote de la cabeza lejos del cráneo (45.5 px)"
"713";"avalugg [hisuian]";"forma";"cobblemon:avalugg_hisuian.geo";"Cobblemon";"cuadrúpedo";"";"head";"0 34 -36";"base";"neck";"head_angle";"torso";"neck";"";"";"";"0";""
"714";"noibat";"base";"cobblemon:noibat.geo";"Cobblemon";"bípedo";"alas";"head";"0 8.8 0.2";"base";"torso";"head_angle";"torso";"head";"";"wings [wing]";"";"0";""
"715";"noivern";"base";"cobblemon:noivern.geo";"Cobblemon";"bípedo";"cola";"head";"2.5 45 0";"base";"neck2";"head_top";"torso";"neck";"tail";"fluff [fluff]";"";"0";""
"716";"xerneas [active-mode]";"forma";"atm_remodels:xerneas_active.geo";"AllTheMons-R4.0";"sin patas";"";"head";"0 47.8 -10.7";"base";"bone4";"head";"bone5";"head";"";"";"";"0";""
"716";"xerneas";"base";"atm_remodels:xerneas_neutral.geo";"AllTheMons-R4.0";"sin patas";"";"head";"0 47.8 -10.7";"base";"bone4";"head";"bone5";"head";"";"";"";"0";""
"717";"yveltal";"base";"cobblemon:yveltal.geo";"AllTheMons-R4.0";"sin patas";"alas";"head";"0 28.5 -23.8";"base";"bone6";"head";"bone16";"head";"";"wing_right [wing], wing_left [wing]";"";"0";""
"718";"zygarde";"base";"cobblemon:zygarde.geo";"AllTheMons-R4.0";"sin patas";"";"head";"1.5 32.3 -56";"base";"neck2";"head";"chest";"neck";"";"";"";"0";""
"718";"zygarde [complete-percent]";"forma";"cobblemon:zygarde_complete.geo";"AllTheMons-R4.0";"bípedo";"";"head";"0 82.5 6";"base";"jaw_upper";"head";"jaw_upper";"head";"";"";"";"0";""
"718";"zygarde [1-percent]";"forma";"cobblemon:zygarde_core.geo";"AllTheMons-R4.0";"sin patas";"cola";"head";"0 7 0.5";"base";"torso";"head";"";"head";"tail";"";"";"1";"sin tronco (ningún hueso con cubos hasta la cabeza): sin adornos"
"718";"zygarde [10-percent]";"forma";"cobblemon:zygarde_tenpercent.geo";"AllTheMons-R4.0";"sin patas";"";"head";"0 24 -8.8";"base";"neck";"head";"chest";"neck";"";"";"";"0";""
"719";"diancie";"base";"cobblemon:diancie.geo";"AllTheMons-R4.0";"sin patas";"";"head";"0 18 0";"base";"body";"head";"body";"head";"";"armR [armr], armL [arml]";"";"0";""
"720";"hoopa";"base";"cobblemon:hoopa.geo";"AllTheMons-R4.0";"sin patas";"cola";"head";"-0.1 14.3 -1.4";"base";"looky";"headshape";"body (al lado, 1 huesos)";"head";"tail";"";"";"1";"cráneo de emergencia: solo hay adornos (headshape)"
"720";"hoopa [unbound]";"forma";"cobblemon:hoopa_unbound.geo";"AllTheMons-R4.0";"bípedo";"cola";"head";"0 166 0";"base";"bodyminuschest";"head";"bodyminuschest";"head";"tail";"wholebottle [wholebottle], arms [arm], chestthing1 [chestthing], chestthing2 [chestthing]";"";"1";"cara fuera de la cabeza: eyes2"
"721";"volcanion";"base";"cobblemon:volcanion.geo";"AllTheMons-R4.0";"cuadrúpedo";"cola";"head";"0 24 -25.7";"base";"neck";"head_top";"torso";"neck";"tail";"shell_front_left [shell], shell_back_left [shell], shell_back_right [shell], shell_front_right [shell], arms [arm]";"";"0";""
"722";"rowlet";"base";"cobblemon:rowlet.geo";"Cobblemon";"bípedo";"";"head";"0 5.8 0";"base";"waist";"head";"waist";"head";"";"";"";"0";""
"723";"dartrix";"base";"cobblemon:dartrix.geo";"Cobblemon";"bípedo";"alas, cola";"head";"0 20 0.5";"base";"chest";"head";"chest";"head";"tail_main";"wings_open [wing], wings_closed [wing]";"";"0";""
"724";"decidueye";"base";"cobblemon:decidueye.geo";"Cobblemon";"bípedo";"alas, cola";"head";"0 35 -0.5";"base";"chest";"head";"chest";"head";"tail1";"arrow [arrow], bowtie [bowtie], cloak_front_right1 [cloak], cloak_front_left1 [cloak], hood_string_right1 [hood], hood_string_left1 [hood], shoulder_cloak_group_right [arm], shoulder_cloak_group_left [arm], cloak_back [cloak], wing_closed_right1 [wing], wing_closed_left1 [wing], wing_open_right1 [wing], wing_open_left1 [wing]";"";"0";""
"724";"decidueye [hisuian]";"forma";"cobblemon:decidueye_hisuian.geo";"Cobblemon";"bípedo";"alas, cola";"head";"0 35 -0.5";"base";"chest";"head";"chest";"head";"tail1";"arrow [arrow], bowtie [bowtie], cloak_front_right1 [cloak], cloak_front_left1 [cloak], hood_string_right1 [hood], hood_string_left1 [hood], shoulder_cloak_group_right [arm], shoulder_cloak_group_left [arm], cloak_back [cloak], wing_closed_right1 [wing], wing_closed_left1 [wing], wing_open_right1 [wing], wing_open_left1 [wing]";"";"0";""
"725";"litten";"base";"cobblemon:litten.geo";"Cobblemon";"cuadrúpedo";"cola";"head";"0 10.5 -3.2";"base";"neck";"head_angle";"torso";"neck";"tail1";"fur_spike_back1 [fur]";"";"0";""
"726";"torracat";"base";"cobblemon:torracat.geo";"Cobblemon";"cuadrúpedo";"cola";"head";"0 19.5 -7.8";"base";"neck";"head_angle";"chest";"neck";"tail1";"orb [orb]";"";"0";""
"727";"incineroar";"base";"cobblemon:incineroar.geo";"Cobblemon";"bípedo";"cola";"head";"0 40 0.2";"base";"neck";"head_angle";"chest";"neck";"tail1";"shoulder_right_spikes [arm], shoulder_left_spikes [arm], shoulder_right1 [arm], shoulder_left1 [arm]";"";"0";""
"728";"popplio";"base";"cobblemon:popplio.geo";"Cobblemon";"serpiente/pez";"cola (punta)";"head";"0 10.5 -0.5";"base";"torso";"head_angle";"torso";"head";"tail2 (punta)";"arms [arm]";"";"0";""
"729";"brionne";"base";"cobblemon:brionne.geo";"Cobblemon";"serpiente/pez";"cola (punta)";"head";"0 21 0";"centro";"neck";"head_angle";"torso";"neck";"tail3 (punta)";"arms [arm], ruff [ruff], ruff2 [ruff], ruff3 [ruff]";"";"0";""
"730";"primarina";"base";"cobblemon:primarina.geo";"Cobblemon";"sin patas";"cola";"head";"0.2 53 -0.2";"base";"neck";"head";"torso_upper";"neck";"tail";"arms [arm]";"";"0";""
"731";"pikipek";"base";"cobblemon:pikipek.geo";"Cobblemon";"bípedo";"alas, cola";"head";"0 4.6 -0.5";"base";"neck";"head";"torso";"neck";"tail";"wing_closed_right [wing], wing_closed_left [wing], wing_open_right [wing], wing_open_left [wing]";"";"0";""
"732";"trumbeak";"base";"cobblemon:trumbeak.geo";"Cobblemon";"bípedo";"alas, cola";"head";"0 10.8 -2.5";"base";"neck2";"head";"torso";"neck";"tail";"wing_closed_right [wing], wing_closed_left [wing], wing_open_right [wing], wing_open_left [wing]";"";"0";""
"733";"toucannon";"base";"cobblemon:toucannon.geo";"Cobblemon";"bípedo";"alas, cola";"head";"0 22.5 -4";"base";"neck_bend";"head";"torso";"neck";"tail";"wing_closed_right [wing], wing_closed_left [wing], wing_open_right [wing], wing_open_left [wing]";"";"0";""
"734";"yungoos";"base";"cobblemon:yungoos.geo";"Cobblemon";"cuadrúpedo";"cola";"head";"0 5.9 -15";"centro";"neck";"head_angle";"torso2";"neck";"tail";"";"";"0";""
"735";"gumshoos";"base";"cobblemon:gumshoos.geo";"Cobblemon";"bípedo";"cola";"head";"0 11 -19.2";"base";"torso2";"head_angle";"torso";"head";"tail";"back_fur [fur]";"";"0";""
"736";"grubbin";"base";"cobblemon:grubbin.geo";"AllTheMons-R4.0";"sin patas";"";"head";"0 6.4 -0.7";"base";"torso";"head";"torso";"head";"";"";"";"0";""
"737";"charjabug";"base";"cobblemon:charjabug.geo";"AllTheMons-R4.0";"sin cabeza";"";"";"";"";"";"";"";"";"";"";"";"0";""
"738";"vikavolt";"base";"cobblemon:vikavolt.geo";"AllTheMons-R4.0";"sin cabeza";"";"";"";"";"";"";"";"";"";"";"";"0";""
"739";"crabrawler";"base";"cobblemon:crabrawler.geo";"Cobblemon";"cuadrúpedo";"";"head";"0 13.5 1.5";"base";"torso";"head";"torso";"head";"";"arms [arm]";"";"0";""
"740";"crabominable";"base";"cobblemon:crabominable.geo";"Cobblemon";"cuadrúpedo";"";"head";"0 30 0";"base";"torso";"head";"torso";"head";"";"arm_right [arm], arm_left [arm]";"";"1";"cara fuera de la cabeza: mouth_hair"
"742";"cutiefly";"base";"cobblemon:cutiefly.geo";"Cobblemon";"cuadrúpedo";"";"head";"0 15 3";"base";"body";"head";"";"head";"";"";"";"1";"sin tronco (ningún hueso con cubos hasta la cabeza): sin adornos"
"743";"ribombee";"base";"cobblemon:ribombee.geo";"Cobblemon";"bípedo";"alas";"head";"0 13.8 -1";"centro";"scarf";"head_angle";"scarf";"head";"";"back_fluff [fluff], arms [arm], wings [wing], scarf_front [scarf], scarf_back [scarf]";"";"0";""
"744";"rockruff";"base";"cobblemon:rockruff.geo";"AllTheMons-R4.0";"cuadrúpedo";"cola";"head";"0 11.2 -2.2";"base";"torso";"head2";"torso2 (al lado, 1 huesos)";"head";"tail";"";"";"0";""
"745";"lycanroc";"base";"cobblemon:lycanroc.geo";"AllTheMons-R4.0";"cuadrúpedo";"cola";"head";"0 16.6 -12.8";"base";"torso";"head";"torso";"head";"tail_base";"";"";"0";""
"745";"lycanroc [dusk-form]";"forma";"cobblemon:lycanroc_dusk.geo";"AllTheMons-R4.0";"cuadrúpedo";"cola";"head";"0 16 -12.1";"base";"torso";"head";"torso";"head";"tail_base";"";"";"0";""
"745";"lycanroc [midnight-form]";"forma";"cobblemon:lycanroc_midnight.geo";"AllTheMons-R4.0";"bípedo";"cola";"head";"0 31.5 -3.1";"base";"mid_torso";"head";"mid_torso";"head";"tail_1";"claw_right2 [claw], arm_right [arm], arm_left [arm]";"";"0";""
"746";"wishiwashi [school-form]";"forma";"cobblemon:wishiwashi_school.geo";"Cobblemon";"serpiente/pez";"cola (punta)";"head";"1 22 1";"base";"torso";"head";"torso";"head";"tail7 (punta)";"fin_right [fin], fin_left [fin]";"";"0";""
"746";"wishiwashi";"base";"cobblemon:wishiwashi_solo.geo";"Cobblemon";"sin patas";"cola";"head";"0 2.5 -4";"base";"torso";"head";"torso";"head";"tail";"fin_left [fin], fin_right [fin]";"";"0";""
"747";"mareanie";"base";"cobblemon:mareanie.geo";"Cobblemon";"sin patas";"";"head";"0 9 1.5";"centro";"neck";"head";"torso";"neck";"";"";"";"0";""
"748";"toxapex";"base";"cobblemon:toxapex.geo";"Cobblemon";"muchas patas";"";"head";"0 14.5 0";"base";"head_connection";"head";"hair";"head";"";"hair_top [hair], small_spikes [spike]";"";"0";""
"749";"mudbray";"base";"cobblemon:mudbray.geo";"Cobblemon";"cuadrúpedo";"cola";"head";"0 13.4 -4.8";"base";"neck";"head";"torso";"neck";"tail";"";"mane [mane]";"0";""
"750";"mudsdale";"base";"cobblemon:mudsdale.geo";"Cobblemon";"cuadrúpedo";"cola";"head";"0 44.5 -6.2";"base";"neck2";"head";"torso";"neck";"tail";"";"";"0";""
"751";"dewpider";"base";"cobblemon:dewpider.geo";"Cobblemon";"serpiente/pez";"";"head";"0 8.2 0.5";"centro";"neck_top";"head_angle";"neck_top";"head";"";"";"";"0";""
"752";"araquanid";"base";"cobblemon:araquanid.geo";"Cobblemon";"muchas patas";"cola";"head";"0 27.5 -9.5";"base";"neck";"head_angle";"torso";"neck";"tail";"";"";"0";""
"753";"fomantis";"base";"cobblemon:fomantis.geo";"Cobblemon";"bípedo";"cola";"head";"0 6 0";"base";"torso";"head";"torso";"head";"tail";"scarf [scarf], left_front_arm [arm], left_back_arm_flowering [arm], right_back_arm_flowering [arm], right_front_arm [arm], right_back_arm [arm], left_back_arm [arm]";"";"0";""
"754";"lurantis";"base";"cobblemon:lurantis.geo";"Cobblemon";"bípedo";"";"head";"0 18.5 0";"base";"neck";"head";"torso";"neck";"";"right_arm [arm], left_arm [arm], back_petals [petal]";"";"0";""
"755";"morelull";"base";"cobblemon:morelull.geo";"Cobblemon";"sin cabeza";"";"";"";"";"";"";"";"";"";"";"";"0";""
"756";"shiinotic";"base";"cobblemon:shiinotic.geo";"Cobblemon";"bípedo";"";"head";"0 10.5 0";"base";"neck";"head";"torso";"neck";"";"";"arm_left [arm], arm_right [arm]";"0";""
"757";"salandit";"base";"cobblemon:salandit.geo";"Cobblemon";"cuadrúpedo";"cola";"head";"0.5 3 -12";"base";"neck";"head";"torso";"neck";"tail";"";"headband [headband]";"0";""
"758";"salazzle";"base";"cobblemon:salazzle.geo";"Cobblemon";"bípedo";"cola";"head";"0.5 31.5 0";"base";"neck2";"head";"torso";"neck";"tail";"back_trails [trail], arms [arm]";"";"0";""
"759";"stufful";"base";"cobblemon:stufful.geo";"Cobblemon";"cuadrúpedo";"cola";"head";"0 7.8 -2.6";"base";"torso";"head";"torso";"head";"tail";"tag [tag]";"";"0";""
"760";"bewear";"base";"cobblemon:bewear.geo";"Cobblemon";"bípedo";"cola";"head";"0 30.8 -0.5";"base";"torso";"head";"torso";"head";"tail";"arm_right [arm], arm_left [arm]";"";"0";""
"761";"bounsweet";"base";"cobblemon:bounsweet.geo";"AllTheMons-R4.0";"sin cabeza";"";"";"";"";"";"";"";"";"";"";"";"0";""
"762";"steenee";"base";"cobblemon:steenee.geo";"AllTheMons-R4.0";"bípedo";"";"head";"0 14.2 0";"base";"torso_top";"head";"torso_top";"head";"";"arm_right [arm], arm_left1 [arm]";"";"0";""
"763";"tsareena";"base";"cobblemon:tsareena.geo";"AllTheMons-R4.0";"bípedo";"";"head";"0 29.5 0";"base";"torso_top";"head";"torso_top";"head";"";"arm_right [arm], arm_left [arm]";"";"0";""
"764";"comfey";"base";"cobblemon:comfey.geo";"Cobblemon";"sin patas";"cola";"head";"0 5 4";"base";"spin";"head";"";"head";"tail";"";"";"1";"sin tronco (ningún hueso con cubos hasta la cabeza): sin adornos"
"765";"oranguru";"base";"cobblemon:oranguru.geo";"AllTheMons-R4.0";"bípedo";"";"head";"0 39.3 -1.6";"base";"neck";"head_anim";"chest";"neck";"";"thingyfront_left [thingyfront], thingyfront_right [thingyfront], thingyy_left [thingyy], thingyy_right [thingyy], thingy [thingy], shoulder_left [arm], shoulder_right [arm], fur [fur]";"";"0";""
"766";"passimian";"base";"cobblemon:passimian.geo";"AllTheMons-R4.0";"bípedo";"cola";"head";"-0.2 34.2 -1.7";"base";"scarf";"head";"torso";"neck";"tail";"arm_right [arm], arm_left [arm]";"";"0";""
"767";"wimpod";"base";"cobblemon:wimpod.geo";"Cobblemon";"muchas patas";"cola";"head";"0 4.5 -6";"base";"torso2";"head";"torso2";"head";"tail";"";"";"0";""
"768";"golisopod";"base";"cobblemon:golisopod.geo";"Cobblemon";"bípedo";"";"head";"0 46.5 -20.5";"base";"segment3";"head";"torso4";"head";"";"skirt_front [skirt], skirt_back [skirt], shell_left9 [shell], shell_right9 [shell], shell_left7 [shell], shell_right7 [shell], arm_left_pos [arm], arm_right_pos [arm], shell_left [shell], shell_right [shell], shell_left3 [shell], shell_right3 [shell], arm_left2 [arm], arm_right2 [arm], shell_left5 [shell], shell_right5 [shell], arm_left4 [arm], arm_right4 [arm]";"";"0";""
"769";"sandygast";"base";"cobblemon:sandygast.geo";"Cobblemon";"sin patas";"";"head";"0 1 0";"base";"torso";"head2";"torso";"head";"";"sand_bottom [sand], arms [arm]";"";"0";""
"770";"palossand";"base";"cobblemon:palossand.geo";"Cobblemon";"sin patas";"";"head";"0 4.5 0";"lejos";"torso2";"head2";"torso";"head";"";"arms [arm]";"";"1";"pivote de la cabeza lejos del cráneo (11 px)"
"771";"pyukumuku";"base";"cobblemon:pyukumuku.geo";"Cobblemon";"sin cabeza";"";"";"";"";"";"";"";"";"tail";"";"";"0";""
"772";"typenull";"base";"cobblemon:typenull.geo";"AllTheMons-R4.0";"cuadrúpedo";"cola";"head";"0 27.5 -7.1";"base";"neck3";"head";"chest2";"neck";"tail";"";"";"0";""
"773";"silvally";"base";"cobblemon:silvally.geo";"AllTheMons-R4.0";"sin cabeza";"";"";"";"";"";"";"";"";"tail";"";"";"1";"posible cabeza: neck5 (lleva la cara)"
"774";"minior [meteor-form]";"forma";"cobblemon:minior.geo";"AllTheMons-R4.0";"sin cabeza";"";"";"";"";"";"";"";"";"";"";"";"0";""
"774";"minior";"base";"cobblemon:minior_core.geo";"AllTheMons-R4.0";"sin cabeza";"";"";"";"";"";"";"";"";"";"";"";"0";""
"775";"komala";"base";"cobblemon:komala.geo";"Cobblemon";"bípedo";"cola";"head";"0 10 0";"base";"torso";"head";"torso";"head";"tail";"log [log], arm_left [arm], arm_right [arm], fluff_left [fluff], fluff_right [fluff]";"";"0";""
"776";"turtonator";"base";"cobblemon:turtonator.geo";"Cobblemon";"bípedo";"cola";"head";"0 17 -34.5";"base";"neck2";"head_angle";"torso";"neck";"tail";"shell [shell], arms [arm]";"";"0";""
"777";"togedemaru";"base";"atm_remodels:togedemaru.geo";"AllTheMons-R4.0";"sin cabeza";"";"";"";"";"";"";"";"";"tail";"";"";"0";""
"778";"mimikyu";"base";"cobblemon:mimikyu.geo";"Cobblemon";"sin patas";"cola";"head";"0 6.5 0.2";"base";"torso_top";"head";"torso_top";"head";"tail_bottom, tail1";"";"";"1";"cara fuera de la cabeza: eye_left_glare, eye_right_glare, eye_right"
"779";"bruxish";"base";"cobblemon:bruxish.geo";"Cobblemon";"sin cabeza";"";"";"";"";"";"";"";"";"tail2 (punta)";"";"";"0";""
"780";"drampa";"base";"cobblemon:drampa.geo";"Cobblemon";"serpiente/pez";"cola (punta)";"head";"0 76.5 -5.2";"base";"neck8";"head_rotation";"body";"neck";"tail_middle4 (punta)";"arms [arm]";"";"0";""
"781";"dhelmise";"base";"cobblemon:dhelmise.geo";"Cobblemon";"sin cabeza";"";"";"";"";"";"";"";"";"";"";"";"1";"posible cabeza: wheel (lleva la cara)"
"782";"jangmoo";"base";"cobblemon:jangmo-o.geo";"Cobblemon";"cuadrúpedo";"cola";"head";"0 10 -1.5";"base";"neck";"head";"torso";"neck";"tail";"scale_left [scale], scale_right [scale], scale_left2 [scale], scale_right2 [scale], scale_left3 [scale], scale_right3 [scale], tuft [tuft]";"";"0";""
"783";"hakamoo";"base";"cobblemon:hakamo-o.geo";"Cobblemon";"bípedo";"cola";"head";"0 26.5 -0.5";"base";"neck";"head";"torso";"neck";"tail";"shoulder_flap_right_pos [arm], shoulder_flap_left_pos [arm], shoulder_flap_left2_pos [arm], shoulder_flap_right2_pos [arm], arm_left [arm], arm_right [arm], tuft [tuft]";"";"0";""
"784";"kommoo";"base";"cobblemon:kommo-o.geo";"Cobblemon";"bípedo";"cola";"head";"0 47.8 0.2";"base";"neck";"head";"torso3";"neck";"tail";"feathers_back [feather], feathers_left [feather], feathers_right [feather], back_scale_right [scale], side_scale_right [scale], side_scale_left [scale], back_scale_left [scale], arm_right [arm], arm_left [arm]";"";"0";""
"785";"tapukoko";"base";"cobblemon:tapukoko.geo";"AllTheMons-R4.0";"sin patas";"";"head";"0 22.6 0";"base";"torso";"head";"DT";"head";"";"bottom_feather_back [feather], bottom_feather_front [feather], bottom_feather_right [feather], bottom_feather_left [feather], yellow1 [yellow], yellow2 [yellow], left_arm [arm], right_arm [arm]";"";"0";""
"786";"tapulele";"base";"cobblemon:tapulele.geo";"AllTheMons-R4.0";"sin patas";"cola";"head";"0 20.9 0";"base";"torso";"head";"DT";"head";"tail2, tail3";"right_arm [arm], left_arm [arm]";"";"0";""
"787";"tapubulu";"base";"cobblemon:tapubulu.geo";"AllTheMons-R4.0";"serpiente/pez";"cola";"head";"0 23.8 0.1";"base";"DT";"head";"torso (al lado, 6 huesos)";"head";"tail_part1";"";"";"0";""
"788";"tapufini";"base";"cobblemon:tapufini.geo";"AllTheMons-R4.0";"sin patas";"";"head";"0 20.9 0.5";"base";"torso";"head";"torso";"head";"";"shell_bottom2 [shell], shell_bottom [shell], purple2 [purple], purple1 [purple], right_arm [arm], left_arm [arm]";"";"0";""
"789";"cosmog";"base";"cobblemon:cosmog.geo";"AllTheMons-R4.0";"sin cabeza";"";"";"";"";"";"";"";"";"";"";"";"0";""
"790";"cosmoem";"base";"cobblemon:cosmoem.geo";"AllTheMons-R4.0";"sin patas";"";"head";"0 10.4 0.5";"centro";"body";"head";"body";"head";"";"transparent [transparent], panes [pane], stars [star]";"";"0";""
"791";"solgaleo";"base";"cobblemon:solgaleo.geo";"AllTheMons-R4.0";"cuadrúpedo";"cola";"head";"0.1 43.6 -26.5";"base";"neck";"head";"chest";"neck";"tail_base";"";"mane [mane]";"0";""
"792";"lunala";"base";"cobblemon:lunala.geo";"AllTheMons-R4.0";"sin patas";"";"head";"0 60.5 0";"base";"neck";"head";"chest";"neck";"";"arms [arm]";"";"0";""
"793";"nihilego";"base";"cobblemon:nihilego.geo";"AllTheMons-R4.0";"sin cabeza";"";"";"";"";"";"";"";"";"";"";"";"1";"posible cabeza por el nombre: head_blob, head"
"794";"buzzwole";"base";"cobblemon:buzzwole.geo";"AllTheMons-R4.0";"cuadrúpedo";"alas";"head";"0 50.6 3.8";"base";"neck";"head";"chest";"neck";"";"arms [arm], wings [wing]";"";"0";""
"795";"pheromosa";"base";"cobblemon:pheromosa.geo";"AllTheMons-R4.0";"bípedo";"";"head";"0.5 51 -0.5";"base";"neck";"head";"torso";"neck";"";"arms [arm]";"";"0";""
"796";"xurkitree";"base";"cobblemon:xurkitree.geo";"AllTheMons-R4.0";"bípedo";"";"head";"0 76 3";"lejos";"body_top_position";"arm_right_1_sec_2";"";"head";"";"";"";"2";"pivote de la cabeza lejos del cráneo (20 px) | sin tronco (ningún hueso con cubos hasta la cabeza): sin adornos"
"798";"kartana";"base";"cobblemon:kartana.geo";"AllTheMons-R4.0";"bípedo";"";"head";"0 15.3 -0.1";"centro";"torso";"head";"torso";"head";"";"arm_right [arm], arm_left [arm]";"";"0";""
"799";"guzzlord";"base";"cobblemon:guzzlord.geo";"AllTheMons-R4.0";"bípedo";"alas, cola";"head";"0 43.4 -2.5";"lejos";"body";"head";"body";"head";"tail_1";"wing_small_left [wing], wing_big_left [wing], wing_small_right [wing], wing_big_right [wing], horn_left [horn], horn_right [horn], arm_right [arm], arm_left [arm], muncher_left_1 [muncher], muncher_right_1 [muncher], tusk_right [tusk], tusk_left [tusk], eyebrow_right [eyebrow], eyebrow_left [eyebrow]";"";"2";"pivote de la cabeza lejos del cráneo (48 px) | cara fuera de la cabeza: eyebrow_right, eyebrow_left"
"800";"necrozma";"base";"cobblemon:necrozma.geo";"AllTheMons-R4.0";"serpiente/pez";"cola (punta)";"head";"0 49 2.2";"base";"torso";"bone23";"bone52 (al lado, 17 huesos)";"head";"bone90 (último segmento)";"";"";"0";""
"800";"necrozma [dawn-fusion]";"forma";"cobblemon:necrozma_dawnwings.geo";"AllTheMons-R4.0";"sin patas";"";"head";"0 60.5 0";"base";"neck";"head";"chest";"neck";"";"necozma_parts [necozma], arms [arm]";"";"0";""
"800";"necrozma [dusk-fusion]";"forma";"cobblemon:necrozma_duskmane.geo";"AllTheMons-R4.0";"cuadrúpedo";"cola";"head";"0.1 43.6 -26.5";"base";"neck";"head";"chest";"neck";"tail_base";"necrozma [necrozma]";"mane [mane]";"0";""
"800";"necrozma [ultra-fusion]";"forma";"cobblemon:necrozma_ultra.geo";"AllTheMons-R4.0";"bípedo";"";"head";"0 151.6 -28.2";"base";"neck";"head";"torso_upper";"neck";"";"";"";"0";""
"801";"magearna";"base";"cobblemon:magearna.geo";"AllTheMons-R4.0";"bípedo";"";"head";"0 28.4 -0.7";"base";"chest";"head";"chest";"head";"";"dress [dres], arm_left [arm], arm_right [arm]";"";"0";""
"802";"marshadow";"base";"cobblemon:marshadow.geo";"AllTheMons-R4.0";"bípedo";"";"head";"0 11.5 0";"base";"main_body";"head";"main_body";"head";"";"arm_right [arm], arm_left [arm], scarf [scarf], scarf_alternate [scarf]";"";"0";""
"803";"poipole";"base";"atm_remodels:poipole2.geo";"AllTheMons-R4.0";"bípedo";"cola";"head";"0 12.2 0.2";"base";"neck";"head";"torso_top";"neck";"tail";"arm_right [arm], arm_left [arm]";"";"0";""
"804";"naganadel";"base";"atm_remodels:naganadel2.geo";"AllTheMons-R4.0";"sin patas";"alas";"head";"0 55 2.5";"base";"neck3";"head";"torso_top2";"neck";"";"arm_right [arm], arm_left [arm], wing_right [wing], wing_left [wing]";"";"0";""
"805";"stakataka";"base";"cobblemon:stakataka.geo";"AllTheMons-R4.0";"sin cabeza";"";"";"";"";"";"";"";"";"";"";"";"0";""
"806";"blacephalon";"base";"cobblemon:blacephalon.geo";"AllTheMons-R4.0";"sin cabeza";"";"";"";"";"";"";"";"";"";"";"";"1";"posible cabeza por el nombre: head_ball"
"807";"zeraora";"base";"cobblemon:zeraora.geo";"AllTheMons-R4.0";"bípedo";"cola";"head";"0 31.2 0";"base";"neck";"head";"waist";"neck";"tail";"arm_r [arm], arm_l [arm]";"";"0";""
"808";"meltan";"base";"cobblemon:meltan.geo";"AllTheMons-R4.0";"sin patas";"";"head2";"-4.7 -9 0.5";"lejos";"bodytop";"head2";"body";"head2";"";"arm_left [arm], arm_right [arm]";"";"1";"pivote de la cabeza lejos del cráneo (17 px)"
"809";"melmetal";"base";"cobblemon:melmetal.geo";"AllTheMons-R4.0";"bípedo";"cola";"head";"-0.2 48.6 0";"base";"top_torso";"head";"top_torso";"head";"tail_cone";"ring [ring], right_arm [arm], left_arm [arm]";"";"0";""
"810";"grookey";"base";"cobblemon:grookey.geo";"Cobblemon";"bípedo";"cola";"head";"0 8.5 -0.5";"base";"neck";"head";"torso";"neck";"tail";"arm_left [arm], arm_right [arm]";"";"0";""
"811";"thwackey";"base";"cobblemon:thwackey.geo";"Cobblemon";"bípedo";"cola";"head";"0 17.8 0";"base";"torso2";"head";"torso2";"head";"tail";"arm_left [arm], arm_right [arm]";"";"0";""
"812";"rillaboom";"base";"cobblemon:rillaboom.geo";"Cobblemon";"bípedo";"";"head";"0 37 -1.8";"centro";"neck";"head";"torso3";"neck";"";"drum [drum], hair_left [hair], hair_right [hair], arm_left [arm], arm_right [arm]";"";"0";""
"813";"scorbunny";"base";"cobblemon:scorbunny.geo";"Cobblemon";"bípedo";"cola";"head";"0 10 0";"base";"neck";"head_angle";"torso";"neck";"tail";"arms [arm]";"";"0";""
"814";"raboot";"base";"cobblemon:raboot.geo";"Cobblemon";"bípedo";"cola";"head";"0 16.5 0.5";"base";"neck";"head2";"torso";"neck";"tail";"arms [arm], pocket [pocket]";"";"0";""
"815";"cinderace";"base";"cobblemon:cinderace.geo";"Cobblemon";"cuadrúpedo";"cola";"head";"0 38.8 -1.6";"base";"neck";"head_back4";"torso";"neck";"tail";"arms [arm], arms2 [arm]";"";"0";""
"816";"sobble";"base";"cobblemon:sobble.geo";"Cobblemon";"bípedo";"cola";"head";"0 7.2 1.5";"base";"neck2";"head";"torso";"neck";"tail";"";"arms [arm]";"0";""
"817";"drizzile";"base";"cobblemon:drizzile.geo";"Cobblemon";"bípedo";"cola";"head";"0 16.5 0";"base";"neck";"head";"torso";"neck";"tail";"";"arms [arm]";"0";""
"818";"inteleon";"base";"cobblemon:inteleon.geo";"Cobblemon";"bípedo";"cola";"head";"0 39.8 -1.5";"base";"neck";"head";"torso";"neck";"tail";"arms [arm], cape [cape], cape_unfolded [cape]";"";"0";""
"819";"skwovet";"base";"cobblemon:skwovet.geo";"Cobblemon";"bípedo";"cola";"head";"0 10.5 0.5";"base";"torso2";"head_angle";"torso";"head";"tail";"arms [arm]";"";"0";""
"820";"greedent";"base";"cobblemon:greedent.geo";"Cobblemon";"bípedo";"cola";"head";"0 12.2 0.5";"base";"torso2";"head_angle";"waist";"head";"tail";"arm_right [arm], arm_left [arm]";"";"0";""
"821";"rookidee";"base";"cobblemon:rookidee.geo";"Cobblemon";"todo cabeza";"";"torso";"0 3.8 -0.2";"";"body";"torso";"";"torso";"";"";"";"0";""
"822";"corvisquire";"base";"cobblemon:corvisquire.geo";"Cobblemon";"bípedo";"alas, cola";"head";"0 13.9 -3.5";"centro";"neck";"head";"torso";"neck";"tail";"wings_closed [wing], wings_open [wing]";"";"0";""
"823";"corviknight";"base";"cobblemon:corviknight.geo";"Cobblemon";"bípedo";"alas, cola";"head";"0 42 -25";"base";"neck";"head";"chest";"neck";"tail";"chestplate [chestplate], wings [wing]";"";"0";""
"824";"blipbug";"base";"cobblemon:blipbug.geo";"AllTheMons-R4.0";"cuadrúpedo";"cola";"head";"0 18 -3";"base";"neck";"head";"torso2 (al lado, 2 huesos)";"head";"tail";"";"bow [bow]";"0";""
"825";"dottler";"base";"cobblemon:dottler.geo";"AllTheMons-R4.0";"sin cabeza";"";"";"";"";"";"";"";"";"";"";"";"0";""
"826";"orbeetle";"base";"cobblemon:orbeetle.geo";"AllTheMons-R4.0";"sin patas";"";"head";"-2.5 26.2 -5";"base";"body";"head";"body";"head";"";"leftarm [arm], rightarm [arm], rightshell [shell], leftshell [shell]";"";"0";""
"827";"nickit";"base";"cobblemon:nickit.geo";"Cobblemon";"cuadrúpedo";"cola";"head";"0 11 -3";"base";"neck";"head_angle";"torso2";"neck";"tail";"";"";"0";""
"828";"thievul";"base";"cobblemon:thievul.geo";"Cobblemon";"cuadrúpedo";"cola";"head";"0 25.7 -7.8";"base";"neck";"head_angle";"torso2";"neck";"tail";"mane [mane]";"";"0";""
"829";"gossifleur";"base";"cobblemon:gossifleur.geo";"Cobblemon";"sin patas";"cola";"head";"0 9.5 0";"base";"torso";"head";"waist (al lado, 1 huesos)";"head";"tail";"arm_left [arm], arm_right [arm]";"";"0";""
"830";"eldegoss";"base";"cobblemon:eldegoss.geo";"Cobblemon";"sin patas";"";"head";"0 7 0";"base";"torso";"head";"";"head";"";"skirt_left [skirt], skirt_right [skirt], skirt_front [skirt], cape [cape]";"";"1";"sin tronco (ningún hueso con cubos hasta la cabeza): sin adornos"
"831";"wooloo";"base";"cobblemon:wooloo.geo";"Cobblemon";"cuadrúpedo";"cola";"head";"0.1 9.8 -5";"base";"torso";"head";"torso";"head";"tail";"wool_shearable [wool]";"";"0";""
"832";"dubwool";"base";"cobblemon:dubwool.geo";"Cobblemon";"cuadrúpedo";"cola";"head";"0 17 -6";"base";"neck";"head_angle";"torso";"neck";"tail";"wool_shearable [wool]";"";"0";""
"833";"chewtle";"base";"cobblemon:chewtle.geo";"Cobblemon";"cuadrúpedo";"cola";"head";"0.5 4.2 -5.9";"base";"neck";"head";"torso";"neck";"tail";"";"";"0";""
"834";"drednaw";"base";"cobblemon:drednaw.geo";"Cobblemon";"cuadrúpedo";"cola";"head";"0 9.5 -29";"base";"neck3";"head";"torso";"neck";"tail";"stomach_spike [stomach], shell [shell]";"";"0";""
"835";"yamper";"base";"cobblemon:yamper.geo";"Cobblemon";"cuadrúpedo";"cola";"head";"0 7.8 -2.2";"centro";"torso";"neck_fluff";"torso2 (al lado, 1 huesos)";"head";"tail";"";"";"0";""
"836";"boltund";"base";"cobblemon:boltund.geo";"Cobblemon";"cuadrúpedo";"cola";"head";"0 20 -5";"base";"neck";"head";"chest";"neck";"tail";"";"";"0";""
"837";"rolycoly";"base";"cobblemon:rolycoly.geo";"AllTheMons-R4.0";"sin patas";"";"head";"0 5.2 -5.2";"base";"torso";"head";"torso";"head";"";"";"";"0";""
"838";"carkol";"base";"cobblemon:carkol.geo";"AllTheMons-R4.0";"sin patas";"";"head";"0 11.2 -2.4";"base";"minecart";"bone9";"minecart";"head";"";"";"";"0";""
"839";"coalossal";"base";"cobblemon:coalossal.geo";"AllTheMons-R4.0";"cuadrúpedo";"";"head";"0 28.2 -2.8";"base";"torso";"bone8";"torso";"head";"";"coal [coal]";"";"0";""
"840";"applin";"base";"cobblemon:applin.geo";"Cobblemon";"bípedo";"cola";"head";"0 4.8 0";"centro";"neck";"head";"torso";"neck";"tail";"apple [apple]";"";"0";""
"841";"flapple";"base";"cobblemon:flapple.geo";"AllTheMons-R4.0";"serpiente/pez";"";"head";"0 21.3 0.2";"base";"neck";"head";"appleshell_bot (al lado, 6 huesos)";"neck";"";"arm_right [arm], arm_left [arm]";"";"0";""
"842";"appletun";"base";"cobblemon:appletun.geo";"AllTheMons-R4.0";"cuadrúpedo";"cola";"head";"1.5 4 -10";"base";"neck";"head_cap";"body";"neck";"tails";"appleleaves_top [appleleave], apple_crust [apple]";"";"0";""
"843";"silicobra";"base";"atm_remodels:silicobra.geo";"AllTheMons-R4.0";"sin patas";"cola";"head";"0 2.5 -7";"lejos";"neck";"head";"neck";"head";"tail";"";"";"2";"el tronco es el cuello (neck): el cuerpo no está en el camino a la cabeza o el cuello es todo el cuerpo | pivote de la cabeza lejos del cráneo (3.6 px)"
"844";"sandaconda";"base";"atm_remodels:sandaconda.geo";"AllTheMons-R4.0";"sin patas";"cola";"head";"0 8 -10";"base";"front_segment";"head";"front_segment";"head";"tail";"";"";"0";""
"845";"cramorant";"base";"cobblemon:cramorant.geo";"Cobblemon";"bípedo";"alas, cola";"head";"0 23.2 2.8";"base";"neck2";"head_angle";"torso2";"neck";"tail";"wings_open [wing], wings_closed [wing], fluff_back_left [fluff], fluff_back_right [fluff], fluff_right [fluff], fluff_left [fluff], fluff_front [fluff], fluff_back [fluff]";"";"0";""
"846";"arrokuda";"base";"cobblemon:arrokuda.geo";"Cobblemon";"serpiente/pez";"cola (punta)";"head";"0 2 -5.5";"base";"torso";"head";"torso";"head";"tail_designs (punta)";"fin_left [fin], fin_right [fin]";"";"0";""
"847";"barraskewda";"base";"cobblemon:barraskewda.geo";"Cobblemon";"serpiente/pez";"cola (punta)";"head";"0 2.5 -4.2";"base";"torso";"head";"torso";"head";"tail3 (punta)";"fin_left [fin], fin_right [fin]";"";"0";""
"848";"toxel";"base";"cobblemon:toxel.geo";"Cobblemon";"bípedo";"cola";"head";"0 12.1 0";"base";"chest";"head";"torso";"head";"tail1";"arm_left [arm], arm_right [arm]";"";"0";""
"849";"toxtricity";"base";"cobblemon:toxtricity_amped.geo";"Cobblemon";"bípedo";"";"head";"0 38.5 0.7";"centro";"neck2";"head_angle";"chest";"neck1";"";"belt [belt], back_spike_left1 [spike], back_spike_right1 [spike], back_spike_left2 [spike], back_spike_right2 [spike], mane4 [mane], arm_left1 [arm], arm_right1 [arm]";"mane3 [mane], mane2 [mane]";"0";""
"849";"toxtricity [low_key-form]";"forma";"cobblemon:toxtricity_lowkey.geo";"Cobblemon";"bípedo";"";"head";"0 37.5 0.7";"base";"neck2";"head_angle";"chest";"neck1";"";"belt [belt], back_spike_left1 [spike], back_spike_right1 [spike], back_spike_left2 [spike], back_spike_right2 [spike], arm_left1 [arm], arm_right1 [arm]";"mane_left3 [mane], mane_right3 [mane], mane_left2 [mane], mane_right2 [mane]";"0";""
"850";"sizzlipede";"base";"cobblemon:sizzlipede.geo";"Cobblemon";"serpiente/pez";"cola (punta)";"head";"0 2 -15";"base";"body";"head2";"torso (al lado, 5 huesos)";"head";"tail5 (punta)";"";"";"0";""
"851";"centiskorch";"base";"cobblemon:centiskorch.geo";"Cobblemon";"serpiente/pez";"cola (punta)";"head";"0 3.5 -38";"base";"body";"head";"torso (al lado, 10 huesos)";"head";"tail10 (punta)";"";"";"0";""
"852";"clobbopus";"base";"atm_remodels:clobbopus.geo";"AllTheMons-R4.0";"sin patas";"";"head";"0 8.6 0";"base";"torso";"head";"";"head";"";"arm_right [arm], arm_left [arm]";"";"1";"sin tronco (ningún hueso con cubos hasta la cabeza): sin adornos"
"853";"grapploct";"base";"atm_remodels:grapploct.geo";"AllTheMons-R4.0";"patas: 3";"";"head1";"0 17.8 -1";"base";"torso";"head_2";"torso";"head1";"";"";"";"0";""
"854";"sinistea [antique]";"forma";"cobblemon:sinistea_antique.geo";"Cobblemon";"sin cabeza";"";"";"";"";"";"";"";"";"";"";"";"0";""
"854";"sinistea";"base";"cobblemon:sinistea_phony.geo";"Cobblemon";"sin cabeza";"";"";"";"";"";"";"";"";"";"";"";"0";""
"855";"polteageist [antique]";"forma";"cobblemon:polteageist_antique.geo";"Cobblemon";"bípedo";"";"head";"0 9.8 0";"base";"teapot2";"head_ai";"teapot";"head";"";"handle [handle], spout [spout], tea_inside [tea], rim_bottom [rim], rim_top [rim]";"";"0";""
"855";"polteageist";"base";"cobblemon:polteageist_phony.geo";"Cobblemon";"bípedo";"";"head";"0 9.8 0";"base";"teapot2";"head_ai";"teapot";"head";"";"handle [handle], spout [spout], tea_inside [tea], rim_bottom [rim], rim_top [rim]";"";"0";""
"856";"hatenna";"base";"cobblemon:hatenna.geo";"Cobblemon";"sin cabeza";"";"";"";"";"";"";"";"";"";"";"";"0";""
"857";"hattrem";"base";"cobblemon:hattrem.geo";"Cobblemon";"bípedo";"";"head";"0 8.2 0";"base";"torso";"head";"body";"head";"";"right_arm [arm], left_arm [arm]";"";"0";""
"858";"hatterene";"base";"cobblemon:hatterene.geo";"AllTheMons-R4.0";"muchas patas";"";"head";"0 32 1.5";"lejos";"torso";"head_inside";"body_bend_base";"head";"";"";"";"1";"pivote de la cabeza lejos del cráneo (12 px)"
"859";"impidimp";"base";"cobblemon:impidimp.geo";"Cobblemon";"bípedo";"";"head";"0 14 0";"base";"torso";"head";"torso";"head";"";"arms [arm]";"";"0";""
"860";"morgrem";"base";"cobblemon:morgrem.geo";"Cobblemon";"bípedo";"";"head";"0 22 0";"base";"neck";"head";"chest";"neck";"";"arms [arm]";"";"0";""
"861";"grimmsnarl";"base";"cobblemon:grimmsnarl.geo";"Cobblemon";"bípedo";"";"head";"0 39 -0.2";"base";"chest";"head";"chest";"head";"";"back_hair [hair], arms [arm], shoulder_spike_left [arm], shoulder_spike_small_left [arm], shoulder_spike_right [arm], shoulder_spike_small_right [arm]";"";"0";""
"862";"obstagoon";"base";"cobblemon:obstagoon.geo";"Cobblemon";"bípedo";"cola";"head";"-1.5 41 -21";"base";"neck3";"head";"torso2";"neck";"tail";"right_arm [arm], left_arm [arm], jacket [jacket]";"";"0";""
"863";"perrserker";"base";"cobblemon:perrserker.geo";"Cobblemon";"bípedo";"cola";"head";"0 13.5 0";"base";"torso";"head";"torso";"head";"tail1";"arm_left [arm], arm_right [arm]";"";"0";""
"864";"cursola";"base";"cobblemon:cursola.geo";"Cobblemon";"cuadrúpedo";"";"head";"0 11 -0.2";"base";"torso4";"head2";"torso3";"head";"";"shell [shell]";"";"1";"cara fuera de la cabeza: face2, eyes2, eye_left2"
"865";"sirfetchd";"base";"cobblemon:sirfetchd.geo";"Cobblemon";"bípedo";"alas, cola";"head";"0 14 0.5";"centro";"neck";"head";"torso2";"neck";"tail";"chesthair [chesthair], chesthair2 [chesthair], chesthair3 [chesthair], wing_right [wing], wing_left [wing]";"";"0";""
"866";"mrrime";"base";"cobblemon:mr_rime.geo";"Cobblemon";"bípedo";"";"head";"0 26.2 1";"base";"chest";"head";"torso";"head";"";"arms [arm]";"";"0";""
"867";"runerigus";"base";"cobblemon:runerigus.geo";"AllTheMons-R4.0";"serpiente/pez";"cola";"head";"1 32 -23";"base";"ghost_neck3";"head";"neck";"ghost_neck3";"tail_ghost";"arm_ghost_right [arm], arm_ghost_left [arm]";"";"0";""
"868";"milcery";"base";"cobblemon:milcery.geo";"Cobblemon";"sin patas";"";"head";"0 2 0";"base";"body";"headsegment3";"";"head";"";"left_fin [fin], right_fin [fin]";"";"1";"sin tronco (ningún hueso con cubos hasta la cabeza): sin adornos"
"869";"alcremie";"base";"cobblemon:alcremie.geo";"Cobblemon";"sin patas";"";"head";"0 12 1.2";"base";"torso_top";"head";"torso_top";"head";"";"ribbon [ribbon], arm_right [arm], arm_left [arm]";"";"0";""
"870";"falinks";"base";"cobblemon:falinks.geo";"Cobblemon";"sin cabeza";"";"";"";"";"";"";"";"";"tail1";"";"";"1";"posible cabeza: torso1 (lleva la cara)"
"871";"pincurchin";"base";"cobblemon:pincurchin.geo";"Cobblemon";"sin cabeza";"";"";"";"";"";"";"";"";"";"";"";"0";""
"872";"snom";"base";"cobblemon:snom.geo";"Cobblemon";"cuadrúpedo";"";"head";"0 2.5 -1.8";"base";"torso";"head_angle";"torso";"head";"";"ice [ice]";"";"0";""
"873";"frosmoth";"base";"cobblemon:frosmoth.geo";"AllTheMons-R4.0";"sin patas";"alas";"head";"0 17.8 0";"base";"torso";"head";"torso";"head";"";"tuff [tuff], wing_right [wing], wing_left [wing]";"";"0";""
"874";"stonjourner";"base";"cobblemon:stonjourner.geo";"Cobblemon";"bípedo";"";"head";"0 40 -1.5";"base";"body2";"head";"";"head";"";"";"";"1";"sin tronco (ningún hueso con cubos hasta la cabeza): sin adornos"
"875";"eiscue";"base";"cobblemon:eiscue_ice.geo";"Cobblemon";"bípedo";"cola";"head";"0 14.6 0";"base";"torso2";"head_angle";"torso";"head";"tail";"arms [arm]";"";"0";""
"875";"eiscue [noice_face] (+1)";"forma";"cobblemon:eiscue_no_ice.geo";"Cobblemon";"bípedo";"cola";"head";"0 15.6 0";"base";"neck";"head_angle";"torso";"neck";"tail";"arms [arm]";"";"0";""
"876";"indeedee [female]";"forma";"cobblemon:indeedee_female.geo";"Cobblemon";"bípedo";"cola";"head";"0 19.3 0";"base";"neck";"head_angle";"torso";"neck";"tail";"arms [arm]";"";"0";""
"876";"indeedee";"base";"cobblemon:indeedee_male.geo";"Cobblemon";"bípedo";"cola";"head";"0 19.3 0";"base";"neck";"head_ai";"torso";"neck";"tail";"";"";"0";""
"877";"morpeko";"base";"atm_remodels:morpeko.geo";"AllTheMons-R4.0";"bípedo";"";"head";"0 7 0";"base";"torso";"head";"torso";"head";"";"arm_left [arm], arm_right [arm]";"";"0";""
"877";"morpeko [hangry-mode]";"forma";"cobblemon:morpeko_hangry.geo";"Cobblemon";"bípedo";"";"head";"0 7.5 0";"base";"torso";"head";"torso";"head";"";"arm_left [arm], arm_right [arm]";"";"0";""
"878";"cufant";"base";"cobblemon:cufant.geo";"Cobblemon";"sin cabeza";"";"";"";"";"";"";"";"";"tail";"";"";"0";""
"879";"copperajah";"base";"cobblemon:copperajah.geo";"Cobblemon";"sin cabeza";"";"";"";"";"";"";"";"";"tail";"";"";"0";""
"880";"dracozolt";"base";"cobblemon:dracozolt.geo";"Cobblemon";"bípedo";"cola";"head";"0 41.5 -5";"base";"neck3";"head_rotation";"torso";"neck";"tail_scale_left, tail_scale_right, tail";"arms [arm]";"";"0";""
"881";"arctozolt";"base";"cobblemon:arctozolt.geo";"Cobblemon";"bípedo";"cola";"head";"0 54.5 -4";"base";"neck3";"head_rotation";"chest";"neck";"tail";"arms [arm]";"";"0";""
"882";"dracovish";"base";"cobblemon:dracovish.geo";"Cobblemon";"bípedo";"cola";"head";"0 20 76.8";"base";"tail5";"head_rotation";"tail";"head";"tail_scale_left, tail_scale_right, tail";"";"";"0";""
"883";"arctovish";"base";"cobblemon:arctovish.geo";"Cobblemon";"bípedo";"cola";"head";"0 44 10.2";"base";"chest";"head_rotation";"chest";"head";"tail";"";"";"0";""
"884";"duraludon";"base";"cobblemon:duraludon.geo";"Cobblemon";"bípedo";"cola";"head";"0 31.5 6.8";"base";"chest";"head2";"chest";"head";"tail";"arms [arm], lighter [lighter]";"";"1";"cara fuera de la cabeza: mouth_inside, mouth_inner_light"
"885";"dreepy";"base";"cobblemon:dreepy.geo";"Cobblemon";"sin patas";"cola";"head";"0 8.6 -0.8";"centro";"neck";"head";"torso";"neck";"tail";"arms [arm]";"";"0";""
"886";"drakloak";"base";"cobblemon:drakloak.geo";"Cobblemon";"serpiente/pez";"cola (punta)";"head";"0 21 -1.5";"base";"neck";"head";"torso";"neck";"tail5 (punta)";"dreepy [dreepy], arms [arm]";"";"1";"cara fuera de la cabeza: eyelid_top_left, eyelid_top_right"
"887";"dragapult";"base";"cobblemon:dragapult.geo";"Cobblemon";"bípedo";"cola";"head";"0 32.6 0";"base";"neck";"head";"torso";"neck";"tail";"arm_left [arm], arm_right [arm]";"";"0";""
"888";"zacian";"base";"cobblemon:zacian.geo";"AllTheMons-R4.0";"muchas patas";"cola";"head";"0.1 36.5 -28.1";"base";"neck1";"head";"chest";"neck";"tail";"";"";"0";""
"888";"zacian [crowned]";"forma";"cobblemon:zacian_crown.geo";"AllTheMons-R4.0";"muchas patas";"cola";"head";"0.1 36.5 -28.1";"base";"neck1";"head";"chest";"neck";"tail";"wingsall [wingsall]";"";"0";""
"889";"zamazenta";"base";"cobblemon:zamazenta.geo";"AllTheMons-R4.0";"cuadrúpedo";"cola";"head";"0.1 37.6 -31.3";"base";"neck1";"head";"chest";"neck";"tail";"";"";"0";""
"889";"zamazenta [crowned]";"forma";"cobblemon:zamazenta_crown.geo";"AllTheMons-R4.0";"cuadrúpedo";"cola";"head";"-0.4 37.6 -31.3";"centro";"neck1";"head";"chest";"neck";"tail";"";"";"0";""
"890";"eternatus";"base";"cobblemon:eternatus.geo";"AllTheMons-R4.0";"bípedo";"cola";"head";"-51.6 52.5 4.5";"base";"neck";"head";"spineseg2";"neck";"tail";"";"";"0";""
"891";"kubfu";"base";"cobblemon:kubfu.geo";"AllTheMons-R4.0";"cuadrúpedo";"cola";"head";"0 12.8 0.2";"base";"neck";"head";"torso";"neck";"tail";"arms [arm]";"";"0";""
"892";"urshifu";"base";"cobblemon:urshifu.geo";"AllTheMons-R4.0";"bípedo";"cola";"head";"-0.5 44.5 1.8";"base";"neck";"head";"torso";"whiteneck";"tail";"arms [arm]";"";"0";""
"892";"urshifu [rapid_strike-style]";"forma";"cobblemon:urshifurs.geo";"AllTheMons-R4.0";"bípedo";"cola";"head";"-0.5 44.5 1.8";"base";"neck";"head";"torso";"whiteneck";"tail";"arms [arm]";"";"0";""
"893";"zarude";"base";"cobblemon:zarude.geo";"Cobblemon";"bípedo";"cola";"head";"0 46.5 -3";"base";"neck";"head";"chest";"neck";"tail";"arm_right [arm], arm_left [arm]";"";"0";""
"894";"regieleki";"base";"cobblemon:regieleki.geo";"Cobblemon";"bípedo";"";"head";"0 13 0";"lejos";"torso_ring3";"arm_right4";"torso";"head";"";"";"";"1";"pivote de la cabeza lejos del cráneo (24 px)"
"895";"regidrago";"base";"cobblemon:regidrago.geo";"Cobblemon";"sin cabeza";"";"";"";"";"";"";"";"";"";"";"";"0";""
"896";"glastrier";"base";"cobblemon:glastrier.geo";"AllTheMons-R4.0";"bípedo";"cola";"head";"-0.5 41.9 -17.2";"centro";"neck2";"head";"torso";"neck";"tail";"left_arm [arm], right_arm [arm]";"left_spike3 [spike], right_spike3 [spike], back_spike3 [spike], left_spike [spike], right_spike [spike], left_spike2 [spike], right_spike2 [spike], back_spike [spike], back_spike2 [spike]";"0";""
"897";"spectrier";"base";"cobblemon:spectrier.geo";"AllTheMons-R4.0";"bípedo";"cola";"head";"-0.5 40.5 -17.3";"centro";"neck2";"head";"torso";"neck";"tail";"right_arm [arm], left_arm [arm]";"";"0";""
"898";"calyrex";"base";"cobblemon:calyrex.geo";"AllTheMons-R4.0";"bípedo";"cola";"head";"0 21.1 0.1";"base";"neck";"head";"torso";"neck";"tail";"left_arm [arm], right_arm [arm], cape_all [cape]";"ball [ball], ball7 [ball], ball6 [ball], ball8 [ball], ball4 [ball], ball5 [ball], ball2 [ball], ball3 [ball]";"0";""
"898";"calyrex [ice-rider]";"forma";"cobblemon:calyrex_ice_rider.geo";"AllTheMons-R4.0";"cuadrúpedo";"varias cabezas (2), cola";"head";"-0.5 41.9 -17.2";"centro";"neck2";"head";"torso";"neck";"tail";"left_arm [arm], right_arm [arm]";"left_spike3 [spike], right_spike3 [spike], back_spike3 [spike], left_spike [spike], right_spike [spike], left_spike2 [spike], right_spike2 [spike], back_spike [spike], back_spike2 [spike]";"0";""
"898";"calyrex [shadow-rider]";"forma";"cobblemon:calyrex_shadow_rider.geo";"AllTheMons-R4.0";"cuadrúpedo";"varias cabezas (2), cola";"head";"-0.5 40.5 -17.3";"centro";"neck2";"head";"torso";"neck";"tail";"right_arm [arm], left_arm [arm]";"";"0";""
"899";"wyrdeer";"base";"cobblemon:wyrdeer.geo";"Cobblemon";"cuadrúpedo";"cola";"head";"0 22 -6.2";"base";"neck";"head";"torso";"neck";"tail";"";"";"0";""
"900";"kleavor";"base";"cobblemon:kleavor.geo";"Cobblemon";"bípedo";"alas";"head";"0 38.2 -2.9";"base";"neck";"head";"abdomen";"neck";"";"left_arm_spikes [arm], right_arm_spikes [arm], right_shoulder [arm], left_shoulder [arm], left_wing [wing], right_wing [wing]";"";"0";""
"901";"ursaluna";"base";"cobblemon:ursaluna.geo";"Cobblemon";"bípedo";"cola";"head";"0 17.2 -22.5";"base";"upper_body";"head";"upper_body";"head";"tail";"arms [arm], spike_bottom_main [spike]";"";"0";""
"901";"ursaluna [bloodmoon]";"forma";"cobblemon:ursaluna_bloodmoon.geo";"AllTheMons-R4.0";"bípedo";"cola";"head";"0 15.8 -20.5";"base";"upper_body";"head";"upper_body";"head";"tail";"spike_bottom_main [spike], shoulder_right [arm], shoulder_left [arm]";"";"0";""
"902";"basculegion [female]";"forma";"cobblemon:basculegion_female.geo";"Cobblemon";"serpiente/pez";"cola (punta)";"head";"0 11 -15.5";"centro";"torso";"head";"torso";"head";"tail6 (punta)";"fins [fin], upper_fin [fin]";"";"0";""
"902";"basculegion";"base";"cobblemon:basculegion_male.geo";"Cobblemon";"serpiente/pez";"cola (punta)";"head";"0 11 -15.5";"centro";"torso";"head";"torso";"head";"tail6 (punta)";"fins [fin], upper_fin [fin]";"";"0";""
"903";"sneasler";"base";"cobblemon:sneasler.geo";"Cobblemon";"bípedo";"cola";"head";"0 33.5 0.1";"base";"neck";"head_angle";"torso";"neck";"tail";"basket [basket], shoulder_fluff [arm], arms [arm]";"";"0";""
"904";"overqwil";"base";"cobblemon:overqwil.geo";"Cobblemon";"sin cabeza";"";"";"";"";"";"";"";"";"tail";"";"";"0";""
"905";"enamorus";"base";"cobblemon:enamorus.geo";"AllTheMons-R4.0";"sin patas";"";"head";"0 39 0.5";"base";"neck";"head";"chest";"neck";"";"cloud [cloud], sneak [sneak], arms [arm]";"";"0";""
"905";"enamorus [therian-forme] (+1)";"forma";"cobblemon:enamorus_therian.geo";"AllTheMons-R4.0";"cuadrúpedo";"";"head";"0 28 -22.6";"base";"neck2";"head2";"body";"neck";"";"cloud [cloud], sneak2 [sneak]";"";"0";""
"906";"sprigatito";"base";"cobblemon:sprigatito.geo";"Cobblemon";"cuadrúpedo";"cola";"head";"0 9 -3";"base";"neck";"head";"torso";"neck";"tail";"";"";"0";""
"907";"floragato";"base";"cobblemon:floragato.geo";"Cobblemon";"bípedo";"cola";"head";"0 20.4 0.2";"base";"torso_top";"head";"torso_top";"head";"tail";"fur_coat [fur], arm_right [arm], arm_left [arm], flower [flower]";"";"0";""
"908";"meowscarada";"base";"cobblemon:meowscarada.geo";"Cobblemon";"bípedo";"cola";"head";"0 36.8 -1";"base";"neck";"head";"torso_bottom";"neck";"tail";"bomb [bomb], arm_right [arm], arm_left [arm], fur_front_right [fur], fur_front_left [fur], fur_back_right [fur], fur_back_left [fur]";"";"0";""
"909";"fuecoco";"base";"cobblemon:fuecoco.geo";"Cobblemon";"bípedo";"cola";"head";"0 9.2 -1.5";"base";"torso";"head";"torso";"head";"tail";"";"";"0";""
"910";"crocalor";"base";"cobblemon:crocalor.geo";"Cobblemon";"bípedo";"cola";"head";"0 25.5 11.2";"base";"chest";"head";"torso";"head";"tail";"arm_right [arm], arm_left [arm]";"";"0";""
"911";"skeledirge";"base";"cobblemon:skeledirge.geo";"Cobblemon";"sin cabeza";"";"";"";"";"";"";"";"";"tail";"";"";"1";"posible cabeza por el nombre: head_top, head_connection, head_connection_bird"
"912";"quaxly";"base";"cobblemon:quaxly.geo";"Cobblemon";"bípedo";"alas, cola";"head";"0 9.5 -0.3";"base";"neck";"head";"torso";"neck";"tail";"wings_right [wing], wings_left [wing], ruff_front [ruff]";"";"0";""
"913";"quaxwell";"base";"cobblemon:quaxwell.geo";"Cobblemon";"bípedo";"cola";"head";"-0.5 24.8 -1.4";"base";"neck";"head";"torso_bottom";"neck";"tail";"arm_right_rot [arm], arm_left_rot [arm]";"";"0";""
"914";"quaquaval";"base";"cobblemon:quaquaval.geo";"Cobblemon";"bípedo";"cola";"head";"0 44.8 -2.8";"base";"neck";"head";"torso_bottom";"neck";"tail";"arm_right [arm], arm_left [arm]";"";"0";""
"915";"lechonk";"base";"cobblemon:lechonk.geo";"Cobblemon";"sin cabeza";"";"";"";"";"";"";"";"";"tail";"";"";"0";""
"916";"oinkologne [female]";"forma";"cobblemon:oinkologne_female.geo";"Cobblemon";"cuadrúpedo";"cola";"head";"0 14.8 -5";"centro";"head_rot";"head";"torso";"neck";"tail";"";"";"0";""
"916";"oinkologne";"base";"cobblemon:oinkologne_male.geo";"Cobblemon";"cuadrúpedo";"cola";"head";"0 14.8 -5";"centro";"head_rot";"head";"torso";"neck";"tail";"";"";"0";""
"917";"tarountula";"base";"cobblemon:tarountula.geo";"Cobblemon";"muchas patas";"";"head";"0 16 -4";"base";"torso";"head_angle";"torso";"head";"";"string [string]";"";"0";""
"918";"spidops";"base";"cobblemon:spidops.geo";"Cobblemon";"bípedo";"";"head";"0 32.5 0.5";"centro";"upper_torso";"head_angle";"torso";"head";"";"arms [arm]";"";"0";""
"919";"nymble";"base";"cobblemon:nymble.geo";"Cobblemon";"muchas patas";"";"head";"0 3.8 -2.5";"base";"torso2";"head_angle";"torso";"head";"";"";"";"0";""
"920";"lokix";"base";"cobblemon:lokix.geo";"Cobblemon";"cuadrúpedo";"";"head";"0 22 -0.3";"base";"torso3";"head_angle";"torso3";"head";"";"arms [arm]";"";"0";""
"921";"pawmi";"base";"cobblemon:pawmi.geo";"AllTheMons-R4.0";"bípedo";"cola";"head";"0 12.5 4.2";"base";"torso_top";"head";"torso";"head";"tail";"arm_right_rotate [arm], arm_left_rotate [arm]";"";"0";""
"922";"pawmo";"base";"cobblemon:pawmo.geo";"AllTheMons-R4.0";"bípedo";"cola";"head";"0 11.7 -1.3";"base";"torso_2";"head";"torso";"head";"tail";"arm_left_rotate [arm], arm_right_rotate [arm]";"";"0";""
"923";"pawmot";"base";"cobblemon:pawmot.geo";"AllTheMons-R4.0";"bípedo";"cola";"head";"0 13.7 -1.3";"base";"torso_2";"head";"torso";"head";"tail";"arm_left_rotate [arm], arm_right_rotate [arm]";"";"0";""
"924";"tandemaus";"base";"cobblemon:tandemaus.geo";"Cobblemon";"cuadrúpedo";"varias cabezas (2), cola";"head";"8 4 0";"base";"torso";"head";"torso";"head";"tail2";"arm_right [arm], arm_left [arm]";"";"0";""
"925";"maushold [maushold-family-four]";"forma";"cobblemon:maushold_four.geo";"Cobblemon";"muchas patas";"varias cabezas (4), cola";"head";"8 4 0";"base";"torso_left";"head";"torso_left";"head";"tail";"arm_right [arm], arm_left [arm]";"";"0";""
"925";"maushold";"base";"cobblemon:maushold_three.geo";"Cobblemon";"muchas patas";"varias cabezas (3), cola";"head";"8 4 0";"base";"torso_left";"head";"torso_left";"head";"tail";"arm_right [arm], arm_left [arm]";"";"0";""
"926";"fidough";"base";"cobblemon:fidough.geo";"Cobblemon";"cuadrúpedo";"cola";"head";"0 10 -7.2";"base";"torso";"head";"torso";"head";"tail";"fluff [fluff]";"";"0";""
"927";"dachsbun";"base";"cobblemon:dachsbun.geo";"Cobblemon";"cuadrúpedo";"cola";"head";"0 14.2 -11.4";"base";"torso";"head";"torso";"head";"tail";"";"";"0";""
"928";"smoliv";"base";"cobblemon:smoliv.geo";"Cobblemon";"todo cabeza";"";"torso";"0 2 0";"";"body";"torso";"";"torso";"";"";"";"0";""
"929";"dolliv";"base";"cobblemon:dolliv.geo";"Cobblemon";"bípedo";"";"head";"0 15.5 0";"base";"torso2";"head_angle";"torso";"head";"";"dress [dres], collar_rotation [collar], arms [arm]";"";"0";""
"930";"arboliva";"base";"cobblemon:arboliva.geo";"Cobblemon";"patas: 3";"";"head";"0 29 0";"base";"neck";"head_angle";"torso2";"neck";"";"coat [coat], leaves [leave], arms [arm]";"";"0";""
"931";"squawkabilly";"base";"cobblemon:squawkabilly.geo";"Cobblemon";"bípedo";"alas, cola";"head";"0 12 -4.5";"centro";"neck";"head";"torso";"neck";"tail";"coat_left [coat], coat_right [coat], wing_left [wing], wing_right [wing]";"neckflap_pos_left [neckflap], neckflap_pos_right [neckflap]";"0";""
"932";"nacli";"base";"cobblemon:nacli.geo";"Cobblemon";"sin cabeza";"";"";"";"";"";"";"";"";"";"";"";"0";""
"933";"naclstack";"base";"cobblemon:naclstack.geo";"Cobblemon";"todo cabeza";"";"torso";"0 7.6 0.5";"";"body";"torso";"";"torso";"";"";"";"0";""
"934";"garganacl";"base";"cobblemon:garganacl.geo";"Cobblemon";"bípedo";"";"head";"0 36.3 1";"base";"chest";"head";"torso";"head";"";"arms [arm]";"";"0";""
"935";"charcadet";"base";"cobblemon:charcadet.geo";"Cobblemon";"bípedo";"";"head";"0 17.5 -0.2";"centro";"neck";"head";"torso";"neck";"";"arms [arm], back_flame [flame]";"";"0";""
"936";"armarouge";"base";"cobblemon:armarouge.geo";"Cobblemon";"bípedo";"";"head";"0 38.6 0.8";"centro";"neck";"head";"chest";"neck";"";"arms [arm]";"";"0";""
"937";"ceruledge";"base";"cobblemon:ceruledge.geo";"Cobblemon";"bípedo";"";"head";"0 36.8 0.2";"base";"neck";"head";"chest";"neck";"";"arms [arm]";"";"0";""
"938";"tadbulb";"base";"cobblemon:tadbulb.geo";"Cobblemon";"sin patas";"cola";"head";"0 13 0";"base";"torso";"head_angle";"torso";"head";"tail";"";"";"0";""
"939";"bellibolt";"base";"cobblemon:bellibolt.geo";"Cobblemon";"bípedo";"";"head";"0 16.5 0";"centro";"torso2";"head_angle";"torso_jiggle (al lado, 1 huesos)";"head";"";"arms [arm]";"";"0";""
"940";"wattrel";"base";"cobblemon:wattrel.geo";"Cobblemon";"bípedo";"alas, cola";"head";"0 11.4 -0.5";"base";"head_ai";"head";"torso";"neck";"tail";"wings_open [wing], wings_closed [wing]";"";"0";""
"941";"kilowattrel";"base";"cobblemon:kilowattrel.geo";"Cobblemon";"bípedo";"alas, cola";"head";"0 21 -6.2";"centro";"head_ai";"head";"torso";"neck";"tail";"open_wings [wing], closed_wings [wing], puff [puff]";"";"0";""
"942";"maschiff";"base";"cobblemon:maschiff.geo";"Cobblemon";"cuadrúpedo";"cola";"head";"0 9.5 -6";"base";"torso";"head";"torso";"head";"tail";"";"";"0";""
"943";"mabosstiff";"base";"cobblemon:mabosstiff.geo";"Cobblemon";"cuadrúpedo";"cola";"head";"0 21.5 -13";"base";"torso";"head";"torso";"head";"tail";"";"";"0";""
"944";"shroodle";"base";"cobblemon:shroodle.geo";"Cobblemon";"todo cabeza";"";"torso";"0 1 0";"";"body";"torso";"";"torso";"";"";"";"0";""
"945";"grafaiai";"base";"cobblemon:grafaiai.geo";"Cobblemon";"bípedo";"cola";"head";"0 11.5 0";"base";"neck";"head_angle";"torso";"neck";"tail";"arms_torso [arm]";"";"0";""
"946";"bramblin";"base";"cobblemon:bramblin.geo";"Cobblemon";"sin cabeza";"";"";"";"";"";"";"";"";"";"";"";"0";""
"947";"brambleghast";"base";"cobblemon:brambleghast.geo";"Cobblemon";"sin cabeza";"";"";"";"";"";"";"";"";"";"";"";"0";""
"948";"toedscool";"base";"cobblemon:toedscool.geo";"Cobblemon";"todo cabeza";"";"torso";"0 20.2 0";"";"body";"torso";"";"torso";"";"";"";"0";""
"949";"toedscruel";"base";"cobblemon:toedscruel.geo";"Cobblemon";"muchas patas";"";"torso";"0 32 0";"base";"body";"torso";"";"torso";"";"";"";"1";"sin tronco (ningún hueso con cubos hasta la cabeza): sin adornos"
"950";"klawf";"base";"cobblemon:klawf.geo";"Cobblemon";"sin cabeza";"";"";"";"";"";"";"";"";"";"";"";"0";""
"951";"capsakid";"base";"cobblemon:capsakid.geo";"Cobblemon";"bípedo";"cola";"head";"0 9 0";"base";"torso2";"head_angle";"torso";"head";"tail";"collar_front [collar], collar_back [collar], arms [arm]";"";"0";""
"952";"scovillain";"base";"cobblemon:scovillain.geo";"Cobblemon";"bípedo";"varias cabezas (2), cola";"head_right";"-1.5 37.5 0";"base";"neck_right4";"head_angle_right";"torso";"necks";"tail";"collar [collar]";"";"0";""
"953";"rellor";"base";"cobblemon:rellor.geo";"Cobblemon";"bípedo";"";"head";"0 4.5 -0.5";"base";"torso";"head";"torso";"head";"";"ball [ball], arms [arm], eyebrow [eyebrow]";"";"1";"cara fuera de la cabeza: eyes, eye_left, eyelid_left"
"954";"rabsca";"base";"cobblemon:rabsca.geo";"Cobblemon";"bípedo";"";"head";"0 10.5 0";"base";"torso";"head";"torso";"head";"";"ball [ball], arms [arm]";"";"0";""
"955";"flittle";"base";"cobblemon:flittle.geo";"Cobblemon";"sin cabeza";"";"";"";"";"";"";"";"";"tail";"";"";"0";""
"956";"espathra";"base";"cobblemon:espathra.geo";"Cobblemon";"bípedo";"alas, cola";"head";"0 22.2 -32.5";"base";"neck6";"head_rotation";"torso";"neck";"tail_base";"wings [wing], upper_cloth [cloth], lower_cloth [cloth]";"";"0";""
"957";"tinkatink";"base";"cobblemon:tinkatink.geo";"Cobblemon";"bípedo";"";"head";"0 4.2 -0.2";"base";"torso";"head";"torso";"head";"";"arms [arm]";"";"0";""
"958";"tinkatuff";"base";"cobblemon:tinkatuff.geo";"Cobblemon";"bípedo";"";"head";"0 8.8 0.5";"base";"chest";"head";"chest";"head";"";"skirt [skirt], arms [arm]";"";"0";""
"959";"tinkaton";"base";"cobblemon:tinkaton.geo";"Cobblemon";"muchas patas";"";"head";"0 9.2 0";"base";"chest";"head";"torso";"head";"";"skirt [skirt], arms [arm]";"";"0";""
"960";"wiglett";"base";"cobblemon:wiglett.geo";"Cobblemon";"sin patas";"";"head";"0 31.5 0";"base";"body6";"head";"ground";"head";"";"";"";"0";""
"961";"wugtrio";"base";"cobblemon:wugtrio.geo";"Cobblemon";"sin patas";"varias cabezas (3)";"head1";"-6 28 -6.5";"base";"body1_5";"head1";"body";"head1";"";"";"";"0";""
"962";"bombirdier";"base";"cobblemon:bombirdier.geo";"AllTheMons-R4.0";"bípedo";"alas, cola";"head";"0 34.4 -0.2";"base";"neck4";"head";"chest";"neck";"tail";"wing_left [wing], wing_right [wing]";"bib [bib]";"0";""
"963";"finizen";"base";"cobblemon:finizen.geo";"Cobblemon";"serpiente/pez";"cola (punta)";"head";"0 11 -7";"base";"torso";"head";"torso";"head";"tail_ring (punta)";"fins [fin]";"";"0";""
"964";"palafin [hero-form]";"forma";"cobblemon:palafin_hero.geo";"Cobblemon";"bípedo";"";"head";"0 33 0.2";"base";"chest";"head";"chest";"head";"";"arms [arm], cape [cape], fin [fin]";"";"0";""
"964";"palafin";"base";"cobblemon:palafin_zero.geo";"Cobblemon";"serpiente/pez";"cola (punta)";"head";"0 11 -7";"base";"torso";"head";"torso";"head";"tail_ring (punta)";"fins [fin]";"";"0";""
"965";"varoom";"base";"cobblemon:varoom.geo";"Cobblemon";"todo cabeza";"";"torso";"0 5.6 0.5";"";"body";"torso";"";"torso";"";"wheel_left [wheel], wheel_back [wheel], wheel_right [wheel]";"";"0";""
"966";"revavroom";"base";"cobblemon:revavroom.geo";"Cobblemon";"sin patas";"";"engine";"0 11.5 -10";"centro";"torso";"engine";"torso2 (al lado, 4 huesos)";"engine";"";"front_wheels [wheel], back_wheels [wheel]";"";"0";""
"967";"cyclizar";"base";"cobblemon:cyclizar.geo";"Cobblemon";"bípedo";"cola";"head";"0 19.9 -9.4";"base";"neck";"head";"torso";"neck";"tail, tail_wheel";"";"scarf [scarf]";"0";""
"968";"orthworm";"base";"cobblemon:orthworm.geo";"Cobblemon";"sin patas";"";"head";"0 5 -23.2";"base";"chest";"head";"chest";"head";"";"arms [arm]";"";"0";""
"969";"glimmet";"base";"cobblemon:glimmet.geo";"Cobblemon";"sin cabeza";"";"";"";"";"";"";"";"";"tail";"";"";"0";""
"970";"glimmora";"base";"cobblemon:glimmora.geo";"Cobblemon";"sin cabeza";"";"";"";"";"";"";"";"";"";"";"";"0";""
"971";"greavard";"base";"cobblemon:greavard.geo";"AllTheMons-R4.0";"cuadrúpedo";"cola";"head";"0 10.3 -5";"base";"body";"head";"body";"head";"tail";"rightfur [fur], leftfur [fur]";"";"0";""
"972";"houndstone";"base";"cobblemon:houndstone.geo";"AllTheMons-R4.0";"cuadrúpedo";"cola";"head";"-0.3 35.3 -19.8";"base";"body";"jaw";"body";"head";"tail";"fluff [fluff], fur [fur], fur7 [fur], fur10 [fur], fluff4 [fluff], fur4 [fur]";"";"0";""
"973";"flamigo";"base";"cobblemon:flamigo.geo";"Cobblemon";"bípedo";"alas";"head";"0 18.8 -25.5";"base";"neck7";"head_rotation";"torso";"neck_base";"";"wings [wing]";"";"0";""
"974";"cetoddle";"base";"cobblemon:cetoddle.geo";"Cobblemon";"sin cabeza";"";"";"";"";"";"";"";"";"tail";"";"";"0";""
"975";"cetitan";"base";"cobblemon:cetitan.geo";"Cobblemon";"sin cabeza";"";"";"";"";"";"";"";"";"tail";"";"";"0";""
"976";"veluza";"base";"cobblemon:veluza.geo";"Cobblemon";"sin patas";"cola";"head";"0 6.5 -15";"base";"torso";"head_top";"torso";"head";"tail";"fillets [fillet], fin_right [fin], fin_left [fin]";"";"0";""
"977";"dondozo";"base";"cobblemon:dondozo.geo";"Cobblemon";"sin cabeza";"";"";"";"";"";"";"";"";"tail4 (punta)";"";"";"1";"posible cabeza por el nombre: head_frill_front_middle, head_frill_back_right, head_frill_back_middle"
"978";"tatsugiri";"base";"cobblemon:tatsugiri.geo";"Cobblemon";"sin patas";"cola";"head";"0 4.7 -4";"base";"chest";"head";"chest";"head";"tail1";"throat_puff [throat], fin2 [fin], arm_left1 [arm], arm_right1 [arm], fin1 [fin]";"";"0";""
"979";"annihilape";"base";"cobblemon:annihilape.geo";"Cobblemon";"todo cabeza";"";"torso";"0 9 1.5";"";"body";"torso";"";"torso";"";"";"";"0";""
"980";"clodsire";"base";"cobblemon:clodsire.geo";"Cobblemon";"bípedo";"cola";"head";"0 6.5 1.5";"base";"torso";"head";"torso";"head";"tail";"spike_back_left [spike], spike_back_right [spike]";"";"0";""
"981";"farigiraf";"base";"cobblemon:farigiraf.geo";"Cobblemon";"cuadrúpedo";"";"head";"0 71.4 -9.7";"base";"neck5";"head_inner";"torso2";"neck";"";"back_spike [spike], back_spike2 [spike]";"";"0";""
"982";"dudunsparce [three-segment-form]";"forma";"cobblemon:dudunsparce_three_segment.geo";"Cobblemon";"sin patas";"alas, cola";"head";"-0.5 5.5 -26";"base";"neck";"head";"torso";"neck";"tail";"wings [wing], wings2 [wing]";"";"0";""
"982";"dudunsparce";"base";"cobblemon:dudunsparce_two_segment.geo";"Cobblemon";"sin patas";"alas, cola";"head";"-0.5 5.5 -15";"base";"neck";"head";"torso";"neck";"tail";"wings [wing], wings2 [wing]";"";"0";""
"983";"kingambit";"base";"cobblemon:kingambit.geo";"AllTheMons-R4.0";"bípedo";"";"head";"-1.4 39.4 -0.8";"base";"neck";"head_ai";"waist";"neck";"";"arm_left [arm], arm_right [arm]";"";"0";""
"984";"greattusk";"base";"cobblemon:greattusk.geo";"AllTheMons-R4.0";"cuadrúpedo";"cola";"head";"0 30.5 -23.5";"base";"torso_front";"head";"torso_front";"head";"tail";"";"";"0";""
"985";"screamtail";"base";"cobblemon:screamtail.geo";"AllTheMons-R4.0";"bípedo";"";"head";"0 4.5 1.5";"base";"shake";"head";"";"head";"";"";"";"1";"sin tronco (ningún hueso con cubos hasta la cabeza): sin adornos"
"986";"brutebonnet";"base";"cobblemon:brutebonnet.geo";"AllTheMons-R4.0";"cuadrúpedo";"cola";"head";"0 10 0";"base";"torso";"head";"torso";"head";"tail";"";"";"0";""
"987";"fluttermane";"base";"cobblemon:fluttermane.geo";"AllTheMons-R4.0";"sin patas";"";"head";"0.7 21.4 -2.2";"base";"head_main";"head_group";"Body (al lado, 2 huesos)";"head";"";"necklace [necklace]";"";"1";"tronco hecho solo de planos: escala de adornos poco fiable"
"988";"slitherwing";"base";"cobblemon:slitherwing.geo";"AllTheMons-R4.0";"bípedo";"alas, cola";"head";"0 8 -14.5";"base";"chest";"head";"tummy";"head";"tail1";"arms [arm], lowerwing [wing], bumfluff [bumfluff], tummyfluff [tummyfluff], rightwing2 [wing], leftwing2 [wing], backfluffright [fluffright], backfluffleft [fluffleft], upperwing [wing], chestfluff [chestfluff]";"";"0";""
"989";"sandyshocks";"base";"cobblemon:sandyshocks.geo";"AllTheMons-R4.0";"sin patas";"cola";"head";"-8 23 3";"base";"allbodies";"head";"mainbody (al lado, 3 huesos)";"head";"tail";"magnets [magnet]";"";"2";"cara fuera de la cabeza: eye | adorno mayor que el tronco: magnets"
"990";"irontreads";"base";"cobblemon:irontreads.geo";"AllTheMons-R4.0";"sin cabeza";"";"";"";"";"";"";"";"";"";"";"";"0";""
"991";"ironbundle";"base";"cobblemon:ironbundle.geo";"AllTheMons-R4.0";"bípedo";"cola";"head";"-0.1 37.1 0.6";"centro";"neck4";"head";"body";"neck1";"Tail1";"LeftArm [arm], RightArm [arm], tummylight_sleeping [tummylight]";"";"0";""
"992";"ironhands";"base";"cobblemon:ironhands.geo";"AllTheMons-R4.0";"bípedo";"";"head";"0 32 -1";"base";"upperbody";"head";"body";"head";"";"leftArm [arm], rightArm [arm]";"";"0";""
"994";"ironmoth";"base";"cobblemon:ironmoth.geo";"AllTheMons-R4.0";"sin patas";"alas";"head";"0.5 45.7 3.9";"base";"body";"head";"bottom_body (al lado, 1 huesos)";"head";"";"wings [wing]";"";"0";""
"995";"ironthorns";"base";"cobblemon:ironthorns.geo";"AllTheMons-R4.0";"bípedo";"cola";"head";"-0.5 66.6 -0.2";"base";"neck2";"head_rotation";"chest";"neck";"tail";"arms [arm]";"";"0";""
"996";"frigibax";"base";"cobblemon:frigibax.geo";"AllTheMons-R4.0";"sin cabeza";"";"";"";"";"";"";"";"";"";"";"";"0";""
"997";"arctibax";"base";"cobblemon:arctibax.geo";"AllTheMons-R4.0";"sin patas";"";"head";"0 18.4 -18";"base";"head_ai";"head";"torso";"neck";"";"";"";"0";""
"998";"baxcalibur";"base";"cobblemon:baxcalibur.geo";"AllTheMons-R4.0";"bípedo";"cola";"head";"0.6 54.4 -1";"centro";"neck";"head";"torso";"neck";"tail";"arm_left [arm], arm_right [arm]";"";"0";""
"999";"gimmighoul";"base";"cobblemon:gimmighoul_chest.geo";"Cobblemon";"muchas patas";"cola";"head";"0 8.5 0";"base";"torso";"head";"torso";"head";"tail";"arms [arm]";"";"0";""
"999";"gimmighoul [minecraft] (+1)";"forma";"cobblemon:gimmighoul_chest_minecraft.geo";"Cobblemon";"bípedo";"cola";"head";"0 8.5 2";"base";"torso";"head";"torso";"head";"tail";"arms [arm]";"";"0";""
"999";"gimmighoul [roaming]";"forma";"cobblemon:gimmighoul_roaming.geo";"Cobblemon";"bípedo";"cola";"head";"0 6.5 0";"base";"torso";"head";"torso";"head";"tail";"arms [arm], coin [coin]";"";"0";""
"1000";"gholdengo";"base";"cobblemon:gholdengo.geo";"Cobblemon";"bípedo";"";"head";"0 24.9 0";"base";"neck";"head";"torso";"neck";"";"surfboard [surfboard], belt [belt], arms [arm]";"";"0";""
"1001";"wochien";"base";"cobblemon:wochien.geo";"AllTheMons-R4.0";"sin cabeza";"";"";"";"";"";"";"";"";"";"";"";"1";"posible cabeza por el nombre: top_head"
"1002";"chienpao";"base";"cobblemon:chienpao.geo";"AllTheMons-R4.0";"cuadrúpedo";"cola";"head";"0 20.4 -5.8";"centro";"neck";"head";"front_torso";"neck";"tail_1";"";"";"0";""
"1004";"chiyu";"base";"cobblemon:chiyu.geo";"AllTheMons-R4.0";"sin cabeza";"";"";"";"";"";"";"";"";"";"";"";"0";""
"1005";"roaringmoon";"base";"cobblemon:roaringmoon.geo";"AllTheMons-R4.0";"cuadrúpedo";"alas, cola";"head";"0 5.8 -28.8";"base";"neck";"head";"torso";"neck";"tail";"wings [wing]";"";"0";""
"1006";"ironvaliant";"base";"cobblemon:ironvaliant.geo";"AllTheMons-R4.0";"bípedo";"";"Head";"0 28.5 0";"base";"neck";"Head";"waist";"neck";"";"skirt [skirt], arms [arm]";"";"0";""
"1007";"koraidon";"base";"cobblemon:koraidon.geo";"AllTheMons-R4.0";"bípedo";"cola";"head";"0.5 48.3 14.8";"base";"neck2";"head";"chest";"neck";"tail_feathers, tail";"handle_right [handle], handle_left [handle], arm_left [arm], arm_right [arm], wheel [wheel]";"";"0";""
"1008";"miraidon";"base";"cobblemon:miraidon.geo";"AllTheMons-R4.0";"bípedo";"cola";"head";"0.5 36.2 -7.6";"base";"head_rotation";"head";"torso";"neck";"tail";"shoulder_right [arm], shoulder_left [arm], wheel [wheel]";"";"0";""
"1009";"walkingwake";"base";"cobblemon:walkingwake.geo";"Cobblemon";"bípedo";"cola";"head";"-0.5 34.2 -42";"base";"neck3";"head";"torso";"neck";"tails";"arms [arm]";"";"0";""
"1010";"ironleaves";"base";"cobblemon:ironleaves.geo";"Cobblemon";"cuadrúpedo";"cola";"head";"0 30 -7";"base";"neck3";"head_angle";"torso";"neck";"tails";"";"";"0";""
"1011";"dipplin";"base";"cobblemon:dipplin.geo";"AllTheMons-R4.0";"sin patas";"cola";"head";"4 7.2 -1";"base";"head_worm";"head";"head_worm";"head";"tail_1";"floor [floor], top_sauce [sauce]";"";"0";""
"1012";"poltchageist [artisan]";"forma";"cobblemon:poltchageist_artisan.geo";"Cobblemon";"sin cabeza";"";"";"";"";"";"";"";"";"";"";"";"0";""
"1012";"poltchageist";"base";"cobblemon:poltchageist_counterfeit.geo";"Cobblemon";"sin cabeza";"";"";"";"";"";"";"";"";"";"";"";"0";""
"1013";"sinistcha [masterpiece]";"forma";"cobblemon:sinistcha_masterpiece.geo";"Cobblemon";"bípedo";"";"head";"0 9.2 0";"base";"head_rot";"head_angle";"cup";"head";"";"droplets [droplet], cup_paint [cup], tea_interior [tea], tea_inside [tea], rim_bottom [rim], seal [seal]";"";"1";"cara fuera de la cabeza: face_ditto, eyes_ditto, eyes_blink_ditto"
"1013";"sinistcha";"base";"cobblemon:sinistcha_unremarkable.geo";"Cobblemon";"bípedo";"";"head";"0 9.2 0";"base";"head_rot";"head_angle";"cup";"head";"";"droplets [droplet], cup_paint [cup], tea_interior [tea], tea_inside [tea], rim_bottom [rim]";"";"1";"cara fuera de la cabeza: face_ditto, eyes_ditto, eyes_blink_ditto"
"1014";"okidogi";"base";"cobblemon:okidogi.geo";"AllTheMons-R4.0";"bípedo";"cola";"head";"0 44.4 -2.9";"base";"body_up_1";"head";"body_up_1";"head";"tail";"arm_left [arm], arm_right [arm], accesory [accesory]";"";"0";""
"1015";"munkidori";"base";"cobblemon:munkidori.geo";"AllTheMons-R4.0";"bípedo";"";"head";"0 15 0";"base";"torso";"head";"torso";"head";"";"arm_right [arm], arm_left [arm]";"";"0";""
"1016";"fezandipiti";"base";"cobblemon:fezandipiti.geo";"AllTheMons-R4.0";"serpiente/pez";"alas, cola (punta)";"head";"0 12.9 -26.5";"base";"neck2";"head";"torso";"neck";"tail2 (punta)";"wings [wing], legright [legright], legleft [legleft]";"";"0";""
"1017";"ogerpon";"base";"cobblemon:ogerpon.geo";"AllTheMons-R4.0";"bípedo";"";"head";"0 24 1";"centro";"body_bot";"head";"body_bot";"head";"";"tealmask [tealmask], skirt [skirt], coat [coat]";"";"1";"cara fuera de la cabeza: mouth"
"1017";"ogerpon [hearthflame-mask]";"forma";"cobblemon:ogerpon_fire.geo";"AllTheMons-R4.0";"bípedo";"";"head";"0 24 1";"centro";"body_bot";"head";"body_bot";"head";"";"flamemask [flamemask], skirt [skirt], coat [coat]";"";"1";"cara fuera de la cabeza: mouth2"
"1017";"ogerpon [cornerstone-mask]";"forma";"cobblemon:ogerpon_rock.geo";"AllTheMons-R4.0";"bípedo";"";"head";"0 24 1";"centro";"body_bot";"head";"body_bot";"head";"";"skirt [skirt], coat [coat]";"";"1";"cara fuera de la cabeza: mouth, eye_right2, eye_left2"
"1017";"ogerpon [teal-mask]";"forma";"cobblemon:ogerpon_teal.geo";"AllTheMons-R4.0";"bípedo";"";"head";"0 24 1";"centro";"body_bot";"head";"body_bot";"head";"";"tealmask [tealmask], skirt [skirt], coat [coat]";"";"1";"cara fuera de la cabeza: mouth"
"1017";"ogerpon [wellspring-mask]";"forma";"cobblemon:ogerpon_water.geo";"AllTheMons-R4.0";"bípedo";"";"head";"0 24 1";"centro";"body_bot";"head";"body_bot";"head";"";"water_mask [water], skirt [skirt], coat [coat]";"";"0";""
"1018";"archaludon";"base";"cobblemon:archaludon.geo";"Cobblemon";"bípedo";"";"head";"0 40 3";"base";"torso2";"head2";"torso2";"head";"";"arms [arm]";"";"1";"cara fuera de la cabeza: mouth_inner_light"
"1019";"hydrapple";"base";"cobblemon:hydrapple.geo";"AllTheMons-R4.0";"serpiente/pez";"";"head";"0 63 1.5";"base";"neck7";"head";"neck";"neck7";"";"apple [apple]";"";"0";""
"1020";"gougingfire";"base";"cobblemon:gougingfire.geo";"AllTheMons-R4.0";"cuadrúpedo";"";"head";"0 19.5 -23";"base";"neck";"head";"torso";"neck";"";"";"cloud [cloud]";"0";""
"1021";"ragingbolt";"base";"cobblemon:ragingbolt.geo";"AllTheMons-R4.0";"muchas patas";"cola";"head";"0.9 38 -21.3";"lejos";"body_main";"head_w";"body_main";"head";"tail2, tail_fin";"";"";"1";"pivote de la cabeza lejos del cráneo (43.1 px)"
"1023";"ironcrown";"base";"cobblemon:ironcrown.geo";"AllTheMons-R4.0";"cuadrúpedo";"cola";"head";"0 40.7 -7.9";"base";"neck_2";"head";"torso";"neck";"tail";"";"fur [fur]";"0";""
"1024";"terapagos";"base";"cobblemon:terapagos.geo";"AllTheMons-R4.0";"cuadrúpedo";"varias cabezas (2), cola";"head";"0 9 -8";"base";"neck";"head";"torso";"neck";"tail";"effect [effect]";"";"0";""
"1025";"pecharunt";"base";"cobblemon:pecharunt.geo";"AllTheMons-R4.0";"sin patas";"alas";"head";"3.5 0 -3.5";"base";"body";"head";"";"head";"";"wing_left [wing], wing_right [wing]";"";"1";"sin tronco (ningún hueso con cubos hasta la cabeza): sin adornos"
